Epoch, TrainLoss, TrainAcc, ValLoss, ValAcc, EMAVal, newLR, LRdrop, bestValLoss, AccAtBest, BestEpoch
0;0.000746003045937016;0.9978304743766785;2.545642860525277e-05;0.9982850909233093;2.545642860525277e-05;0.0002;0;2.545642860525277e-05;0.9982850909233093;0
1;1.9248739251764847e-05;0.998289480805397;1.6188366213043538e-05;0.9982850909233093;2.267600988759e-05;0.00019999995421814734;0;1.6188366213043538e-05;0.9982850909233093;1
2;1.4563876944251319e-05;0.998289480805397;1.3830257308100612e-05;0.9982850909233093;2.002228411374318e-05;0.0001999998168726334;0;1.3830257308100612e-05;0.9982850909233093;2
3;1.2316925751232332e-05;0.998289480805397;1.178702630628692e-05;0.9982850909233093;1.7551706771506302e-05;0.00019999958796359068;0;1.178702630628692e-05;0.9982850909233093;3
4;1.0303245536213978e-05;0.9982894957065582;1.0801814120942055e-05;0.9982851028442383;1.5526738976337025e-05;0.00019999926749123968;0;1.0801814120942055e-05;0.9982851028442383;4
5;9.217798010885403e-06;0.9983035415410996;1.0562475836195517e-05;0.9982850909233093;1.4037460034294571e-05;0.0001999988554558894;0;1.0562475836195517e-05;0.9982850909233093;5
6;8.726577244189127e-06;0.9983150690793992;1.0202470040221457e-05;0.9982948541641236;1.2886963036072635e-05;0.0001999983518579369;0;1.0202470040221457e-05;0.9982948541641236;6
7;8.159793349693522e-06;0.9983525782823562;8.878243657894913e-06;0.9983376860618591;1.1684347222619318e-05;0.00019999775669786755;0;8.878243657894913e-06;0.9983376860618591;7
8;8.115656895019141e-06;0.9983524471521378;8.503940098081309e-06;0.9983461856842041;1.0730225085257914e-05;0.00019999706997625503;0;8.503940098081309e-06;0.9983461856842041;8
9;7.669837168527983e-06;0.9983892470598221;9.040282459316095e-06;0.9982940316200256;1.0223242297475368e-05;0.0001999962916937612;0;9.040282459316095e-06;0.9982940316200256;9
10;7.5315853854562855e-06;0.9983891934156418;9.827200650958101e-06;0.9984321355819702;1.0104429803520187e-05;0.00019999542185113618;0;9.827200650958101e-06;0.9984321355819702;10
11;7.1484547089314955e-06;0.9984191745519638;8.53355989693938e-06;0.9983760833740234;9.633168831545945e-06;0.00019999446044921835;0;8.53355989693938e-06;0.9983760833740234;11
12;6.896456516340688e-06;0.998450568318367;8.78300035363766e-06;0.9983242511749267;9.378118288173458e-06;0.00019999340748893434;0;8.78300035363766e-06;0.9983242511749267;12
13;6.672821035006576e-06;0.9984647095203399;9.016652784105128e-06;0.9984150290489197;9.269678636952959e-06;0.00019999226297129905;0;9.016652784105128e-06;0.9984150290489197;13
14;6.5945591645071026e-06;0.998483294248581;8.569611061465254e-06;0.9984799027442932;9.059658364306647e-06;0.00019999102689741559;0;8.569611061465254e-06;0.9984799027442932;14
15;6.495998878129627e-06;0.9985001474618912;8.595966818514267e-06;0.998354971408844;8.920550900568933e-06;0.00019998969926847526;0;8.595966818514267e-06;0.998354971408844;15
16;6.206854372936901e-06;0.9985342621803284;7.732891377768003e-06;0.9984526634216309;8.564253043728654e-06;0.00019998828008575777;0;7.732891377768003e-06;0.9984526634216309;16
17;6.0443177514891975e-06;0.998566409945488;8.140939890459442e-06;0.9984253287315369;8.43725909774789e-06;0.0001999867693506309;0;8.140939890459442e-06;0.9984253287315369;17
18;5.746236742263863e-06;0.9986019641160965;8.848057178464929e-06;0.9983986020088196;8.560498521963e-06;0.00019998516706455074;0;8.140939890459442e-06;0.9984253287315369;17
19;5.831703956466275e-06;0.9985934585332871;8.598657974559499e-06;0.9984913825988769;8.571946357741949e-06;0.00019998347322906164;0;8.140939890459442e-06;0.9984253287315369;17
0;0.0005930469300807317;0.9980551540851593;2.7304783554882305e-05;0.9982850909233093;2.7304783554882305e-05;0.0002;0;2.7304783554882305e-05;0.9982850909233093;0
1;1.977874318050965e-05;0.998289480805397;1.5802450441526616e-05;0.9982850909233093;2.3854083620875597e-05;0.00019999995421814734;0;1.5802450441526616e-05;0.9982850909233093;1
2;1.4290530259941647e-05;0.998289480805397;1.359183202787051e-05;0.9982850909233093;2.077540814297407e-05;0.0001999998168726334;0;1.359183202787051e-05;0.9982850909233093;2
3;1.1909472127857867e-05;0.998289480805397;1.2855784028609208e-05;0.9982850909233093;1.839952090866461e-05;0.00019999958796359068;0;1.2855784028609208e-05;0.9982850909233093;3
4;1.0340009422726836e-05;0.998289504647255;1.141204249224259e-05;0.9982851505279541;1.6303277383738e-05;0.00019999926749123968;0;1.141204249224259e-05;0.9982851505279541;4
5;9.27293241737015e-06;0.9982927829027176;9.996651448407334e-06;0.9982870697975159;1.44112896031388e-05;0.0001999988554558894;0;9.996651448407334e-06;0.9982870697975159;5
6;8.416460463278596e-06;0.9983177959918976;9.578209126281934e-06;0.9982893705368042;1.296136546008174e-05;0.0001999983518579369;0;9.578209126281934e-06;0.9982893705368042;6
7;8.032673725577589e-06;0.9983494371175766;8.964871023797726e-06;0.9983189344406128;1.1762417129196534e-05;0.00019999775669786755;0;8.964871023797726e-06;0.9983189344406128;7
8;8.196830717066561e-06;0.9983300030231476;8.712815136224794e-06;0.9982961297035218;1.084753653130501e-05;0.00019999706997625503;0;8.712815136224794e-06;0.9982961297035218;8
9;7.695858331643879e-06;0.9983498245477677;9.146954747540903e-06;0.9983025193214417;1.0337361996175778e-05;0.0001999962916937612;0;9.146954747540903e-06;0.9983025193214417;9
10;7.264814739926795e-06;0.9983860701322556;8.606627565765912e-06;0.998376977443695;9.818141667052817e-06;0.00019999542185113618;0;8.606627565765912e-06;0.998376977443695;10
11;7.034158147779801e-06;0.9984194219112397;8.797440998353778e-06;0.9983066082000732;9.511931466443105e-06;0.00019999446044921835;0;8.797440998353778e-06;0.9983066082000732;11
12;7.025125495720152e-06;0.9984188973903656;8.030366892322615e-06;0.9984017133712768;9.067462094206957e-06;0.00019999340748893434;0;8.030366892322615e-06;0.9984017133712768;12
13;6.649344565373694e-06;0.9984681367874145;7.643799584172717e-06;0.9983961820602417;8.640363341196684e-06;0.00019999226297129905;0;7.643799584172717e-06;0.9983961820602417;13
14;6.446344855815661e-06;0.9984980136156082;8.100670392932607e-06;0.9983480930328369;8.47845545671746e-06;0.00019999102689741559;0;8.100670392932607e-06;0.9983480930328369;14
15;6.393226961345574e-06;0.9985011518001556;8.143638907115447e-06;0.9983992099761962;8.378010491836856e-06;0.00019998969926847526;0;8.143638907115447e-06;0.9983992099761962;15
16;6.091576073587873e-06;0.9985466301441193;1.0013992511340164e-05;0.9984814763069153;8.868805097687848e-06;0.00019998828008575777;0;8.143638907115447e-06;0.9983992099761962;15
17;5.905606173599309e-06;0.9985764384269714;8.46815601952093e-06;0.9984944462776184;8.748610374237772e-06;0.0001999867693506309;0;8.143638907115447e-06;0.9983992099761962;15
18;5.886834249325609e-06;0.9985818237066268;8.63412826774268e-06;0.9983885169029236;8.714265742289244e-06;0.00019998516706455074;0;8.143638907115447e-06;0.9983992099761962;15
19;5.687165865468289e-06;0.998601359128952;9.38498714034286e-06;0.9985432744026184;8.915482161705329e-06;0.00019998347322906164;0;8.143638907115447e-06;0.9983992099761962;15
0;0.0068231160487812305;0.9898591637611389;0.0003798897606429819;0.9981285929679871;0.0003798897606429819;0.0002;0;0.0003798897606429819;0.9981285929679871;0
1;0.00011358852391367691;0.9982894748449326;0.0003173536571694058;0.9981189846992493;0.00036112892960090906;0.00019999995421814734;0;0.0003173536571694058;0.9981189846992493;1
2;5.269397586573632e-05;0.9982894778251648;0.00011790929365815828;0.9982258558273316;0.0002881630388180838;0.0001999998168726334;0;0.00011790929365815828;0.9982258558273316;2
3;3.3317664974674696e-05;0.998289480805397;0.005609898200879116;0.9966679453849793;0.0018846835874363934;0.00019999958796359068;0;0.00011790929365815828;0.9982258558273316;2
4;2.4594211616602024e-05;0.998289480805397;0.0036112378859570527;0.9972249031066894;0.002402649876992591;0.00019999926749123968;0;0.00011790929365815828;0.9982258558273316;2
5;1.998620275145413e-05;0.998289480805397;0.0015535428584371402;0.997667920589447;0.0021479177714259557;0.0001999988554558894;0;0.00011790929365815828;0.9982258558273316;2
6;1.727050349416004e-05;0.998289480805397;0.00019536151047816475;0.9981959819793701;0.0015621508931416182;0.0001999983518579369;0;0.00011790929365815828;0.9982258558273316;2
7;1.5511118141731117e-05;0.998289480805397;0.001289080947051957;0.997784948348999;0.0014802299093147199;0.00019999775669786755;0;0.00011790929365815828;0.9982258558273316;2
0;0.001769994089818283;0.9975969880819321;8.484752281674446e-05;0.9982850909233093;8.484752281674446e-05;0.0002;0;8.484752281674446e-05;0.9982850909233093;0
1;5.4872968001973275e-05;0.998289480805397;3.542999623959986e-05;0.9982850909233093;7.002226484360107e-05;0.00019999995421814734;0;3.542999623959986e-05;0.9982850909233093;1
2;2.8743742126380313e-05;0.998289480805397;2.3599509944460806e-05;0.9982850909233093;5.609543837385899e-05;0.0001999998168726334;0;2.3599509944460806e-05;0.9982850909233093;2
3;2.0701538262102303e-05;0.998289480805397;4.987071979769553e-05;0.9982539057731629;5.422802280100995e-05;0.00019999958796359068;0;4.987071979769553e-05;0.9982539057731629;3
4;1.71666855209196e-05;0.998289480805397;3.482429095242878e-05;0.9982689380645752;4.84069032464356e-05;0.00019999926749123968;0;3.482429095242878e-05;0.9982689380645752;4
5;1.5248903476816622e-05;0.998289480805397;1.756962790864236e-05;0.9982832193374633;3.9155720645097626e-05;0.0001999988554558894;0;1.756962790864236e-05;0.9982832193374633;5
6;1.3830076893128762e-05;0.998289480805397;3.2525796368076956e-05;0.9982694506645202;3.7166743361991424e-05;0.0001999983518579369;0;3.2525796368076956e-05;0.9982694506645202;6
7;1.245599640586903e-05;0.998289480805397;1.7648041765738753e-05;0.9982850193977356;3.131113288311562e-05;0.00019999775669786755;0;1.7648041765738753e-05;0.9982850193977356;7
8;1.1178961507951612e-05;0.998289480805397;1.3668438351288614e-05;0.9982850909233093;2.6018324523567518e-05;0.00019999706997625503;0;1.3668438351288614e-05;0.9982850909233093;8
9;1.078957748177345e-05;0.9982894778251648;1.0820557518798068e-05;0.9982850909233093;2.1458994422136683e-05;0.0001999962916937612;0;1.0820557518798068e-05;0.9982850909233093;9
10;9.640018968681829e-06;0.9982894837856293;9.732346048707541e-06;0.9982850909233093;1.794099991010794e-05;0.00019999542185113618;0;9.732346048707541e-06;0.9982850909233093;10
11;8.883765267153621e-06;0.9982906192541122;9.254051199114599e-06;0.998288357257843;1.533491529680994e-05;0.00019999446044921835;0;9.254051199114599e-06;0.998288357257843;11
12;8.350744156659928e-06;0.9983034551143646;9.495719235275146e-06;0.9983007907867432;1.3583156478349499e-05;0.00019999340748893434;0;9.495719235275146e-06;0.9983007907867432;12
13;7.901229347417883e-06;0.9983315974473953;8.771617764047334e-06;0.9983049750328064;1.213969486405885e-05;0.00019999226297129905;0;8.771617764047334e-06;0.9983049750328064;13
14;7.790623952663722e-06;0.9983545929193497;8.806029034058583e-06;0.9983195781707763;1.1139595115058769e-05;0.00019999102689741559;0;8.806029034058583e-06;0.9983195781707763;14
15;7.595268558002743e-06;0.9983644753694534;8.566422744671343e-06;0.9983566164970398;1.036764340394254e-05;0.00019998969926847526;0;8.566422744671343e-06;0.9983566164970398;15
16;7.161793182763887e-06;0.9984143882989883;8.52549104477518e-06;0.9983434796333313;9.814997696192331e-06;0.00019998828008575777;0;8.52549104477518e-06;0.9983434796333313;16
17;7.076991530308163e-06;0.9984310597181321;8.18921926759586e-06;0.9983438730239869;9.32726416761339e-06;0.0001999867693506309;0;8.18921926759586e-06;0.9983438730239869;17
18;6.89243120659544e-06;0.9984512746334075;8.764063730737348e-06;0.998368775844574;9.158304036550577e-06;0.00019998516706455074;0;8.764063730737348e-06;0.998368775844574;18
19;6.652961139502756e-06;0.9984761387109756;8.350454047789668e-06;0.9983983278274536;8.915949039922304e-06;0.00019998347322906164;0;8.350454047789668e-06;0.9983983278274536;19
0;0.0065577358068821924;0.9910231918096543;0.00026687418212532064;0.9982850909233093;0.00026687418212532064;0.0002;0;0.00026687418212532064;0.9982850909233093;0
1;0.00016083530970263383;0.998289269208908;0.00023704766817900236;0.9981209993362427;0.00025792622794142513;0.00019999995421814734;0;0.00023704766817900236;0.9981209993362427;1
2;7.489365922310753e-05;0.9982894212007523;0.00018752427736217213;0.9981775283813477;0.00023680564276764923;0.0001999998168726334;0;0.00018752427736217213;0.9981775283813477;2
3;4.9857208841785906e-05;0.9982894361019135;4.1254445795857465e-05;0.9982850909233093;0.00017814028367611168;0.00019999958796359068;0;4.1254445795857465e-05;0.9982850909233093;3
4;3.6527852392964634e-05;0.9982894778251648;0.0010505441666964544;0.9977736353874207;0.0004398614485822145;0.00019999926749123968;0;4.1254445795857465e-05;0.9982850909233093;3
5;2.9602500649161812e-05;0.9982894778251648;0.00011581933688376012;0.9982178926467895;0.00034264881507267816;0.0001999988554558894;0;4.1254445795857465e-05;0.9982850909233093;3
6;2.5211834167748747e-05;0.998289480805397;0.0033385648958073944;0.9972070932388306;0.001241423639293093;0.0001999983518579369;0;4.1254445795857465e-05;0.9982850909233093;3
7;2.22235159299089e-05;0.998289480805397;0.0004540461801411766;0.9980680346488953;0.001005210401547518;0.00019999775669786755;0;4.1254445795857465e-05;0.9982850909233093;3
8;2.0017526824744892e-05;0.998289480805397;0.00215699534420537;0.9975393414497375;0.0013507458843448734;0.00019999706997625503;0;4.1254445795857465e-05;0.9982850909233093;3
0;0.00186881458228072;0.9973972022533417;0.00012858045101893367;0.9982850909233093;0.00012858045101893367;0.0002;0;0.00012858045101893367;0.9982850909233093;0
1;8.310570245839699e-05;0.998289480805397;5.217933844505751e-05;0.9982850909233093;0.00010566011724677082;0.00019999995421814734;0;5.217933844505751e-05;0.9982850909233093;1
2;4.323108382209284e-05;0.998289480805397;3.433609028888895e-05;0.9982850790023804;8.426290915940625e-05;0.0001999998168726334;0;3.433609028888895e-05;0.9982850790023804;2
3;2.9994477517902852e-05;0.998289480805397;2.6161825803683315e-05;0.9982850790023804;6.683258415268937e-05;0.00019999958796359068;0;2.6161825803683315e-05;0.9982850790023804;3
4;2.3735648042588764e-05;0.998289480805397;2.2136491998026032e-05;0.9982850909233093;5.342375650629037e-05;0.00019999926749123968;0;2.2136491998026032e-05;0.9982850909233093;4
5;2.0244774981392764e-05;0.998289480805397;1.945254697375276e-05;0.9982850909233093;4.3232393646529085e-05;0.0001999988554558894;0;1.945254697375276e-05;0.9982850909233093;5
6;1.8074423920211302e-05;0.998289480805397;1.7545899345350337e-05;0.9982850074768066;3.552644535617546e-05;0.0001999983518579369;0;1.7545899345350337e-05;0.9982850074768066;6
7;1.6620650617937828e-05;0.998289480805397;1.8313496445898637e-05;0.9982832074165344;3.036256068309241e-05;0.00019999775669786755;0;1.8313496445898637e-05;0.9982832074165344;7
8;1.5577886699702503e-05;0.998289480805397;3.107472816736845e-05;0.9982658267021179;3.057621092837522e-05;0.00019999706997625503;0;1.8313496445898637e-05;0.9982832074165344;7
9;1.477274833661113e-05;0.998289480805397;5.0817917212953034e-05;0.998246431350708;3.6648722813748564e-05;0.0001999962916937612;0;1.8313496445898637e-05;0.9982832074165344;7
10;1.4091308268859849e-05;0.998289480805397;0.0007877077601733618;0.9977680683135987;0.0002619664340216325;0.00019999542185113618;0;1.8313496445898637e-05;0.9982832074165344;7
11;1.3437907814051187e-05;0.998289480805397;5.775937560770217e-05;0.9982359886169434;0.0002007043164974534;0.00019999446044921835;0;1.8313496445898637e-05;0.9982832074165344;7
12;1.2755731805214055e-05;0.998289480805397;0.00036148849664527913;0.9980080366134644;0.0002489395705418011;0.00019999340748893434;0;1.8313496445898637e-05;0.9982832074165344;7
0;0.5003736251499504;0.9842439234256745;0.43794726096093656;0.9982332348823547;0.43794726096093656;0.0002;0;0.43794726096093656;0.9982332348823547;0
1;0.37086750348098574;0.9986565679311752;0.3899119863286614;0.9986266493797302;0.423536678571254;0.00019999995421814734;0;0.3899119863286614;0.9986266493797302;1
2;0.339398472988978;0.9987902700901031;0.3863413153216243;0.9987282037734986;0.412378069596365;0.0001999998168726334;0;0.3863413153216243;0.9987282037734986;2
3;0.32180245984345673;0.998856982588768;0.3665063697844744;0.998647928237915;0.3986165596527978;0.00019999958796359068;0;0.3665063697844744;0.998647928237915;3
4;0.31216304274275897;0.9988806247711182;0.3994618598371744;0.9985826849937439;0.3988701497081108;0.00019999926749123968;0;0.3665063697844744;0.998647928237915;3
5;0.29791339240036907;0.9989330500364304;0.3907558400183916;0.9984108567237854;0.39643585680119503;0.0001999988554558894;0;0.3907558400183916;0.9984108567237854;5
6;0.28690973655320706;0.9989707797765732;0.33323827665299177;0.9987723588943481;0.377476582756734;0.0001999983518579369;0;0.33323827665299177;0.9987723588943481;6
7;0.28210647962987423;0.9989804357290268;0.3402307851240039;0.9989181637763977;0.36630284346691494;0.00019999775669786755;0;0.3402307851240039;0.9989181637763977;7
8;0.27677739644423127;0.9990039199590683;0.3220485270023346;0.9988720655441284;0.3530265485275408;0.00019999706997625503;0;0.3220485270023346;0.9988720655441284;8
9;0.26928831315599383;0.9990257561206818;0.35104311220347884;0.9989436507225037;0.35243151763032216;0.0001999962916937612;0;0.3220485270023346;0.9988720655441284;8
10;0.26383816371671853;0.9990425884723664;0.32914491556584835;0.9989419341087341;0.34544553701098;0.00019999542185113618;0;0.32914491556584835;0.9989419341087341;10
11;0.2644955815281719;0.9990439176559448;0.34454401973634957;0.9988121867179871;0.34517508182859086;0.00019999446044921835;0;0.32914491556584835;0.9989419341087341;10
12;0.25569290602579714;0.9990641325712204;0.3248764270916581;0.9988390922546386;0.339085485407511;0.00019999340748893434;0;0.3248764270916581;0.9988390922546386;12
13;0.24736898252740502;0.9990917801856994;0.35219812840223313;0.9988566637039185;0.3430192783059276;0.00019999226297129905;0;0.3248764270916581;0.9988390922546386;12
14;0.24761639293283225;0.9990877419710159;0.3253020115196705;0.9989048838615417;0.33770409827005043;0.00019999102689741559;0;0.3248764270916581;0.9988390922546386;12
15;0.23768725050613285;0.9991205662488938;0.33614673689007757;0.9989510416984558;0.33723688985605854;0.00019998969926847526;0;0.33614673689007757;0.9989510416984558;15
16;0.24002611823379993;0.9991210997104645;0.3184346238151193;0.998929500579834;0.33159621004377676;0.00019998828008575777;0;0.3184346238151193;0.998929500579834;16
17;0.2321002292446792;0.9991427689790726;0.3298325134441257;0.9989002823829651;0.33106710106388143;0.0001999867693506309;0;0.3184346238151193;0.998929500579834;16
18;0.23449286823160947;0.9991325676441193;0.32735777385532855;0.9989408612251282;0.32995430290131555;0.00019998516706455074;0;0.3184346238151193;0.998929500579834;16
19;0.23598170736804605;0.9991201221942901;0.33390353973954917;0.9989301562309265;0.33113907395278563;0.00019998347322906164;0;0.3184346238151193;0.998929500579834;16
0;0.49831509436480703;0.9854770958423614;0.468609463237226;0.9974702835083008;0.468609463237226;0.0002;0;0.468609463237226;0.9974702835083008;0
1;0.3631510645151138;0.9986866414546967;0.40864080674946307;0.998819088935852;0.45061886629089715;0.00019999995421814734;0;0.40864080674946307;0.998819088935852;1
2;0.3344156694132835;0.9988074898719788;0.4020033996552229;0.9987403154373169;0.43603422630019484;0.0001999998168726334;0;0.4020033996552229;0.9987403154373169;2
3;0.320607656147331;0.9988507241010666;0.35542434342205526;0.9988866925239563;0.411851261436753;0.00019999958796359068;0;0.35542434342205526;0.9988866925239563;3
4;0.3046454434283078;0.9988936483860016;0.4220915758982301;0.9988039016723633;0.4149233557751961;0.00019999926749123968;0;0.35542434342205526;0.9988866925239563;3
5;0.29964333097450435;0.9989049971103668;0.3394524596631527;0.9988773345947266;0.39228208694158306;0.0001999988554558894;0;0.3394524596631527;0.9988773345947266;5
6;0.29262249688617886;0.9989426910877228;0.36663811542093755;0.9988656163215637;0.3845888954853894;0.0001999983518579369;0;0.36663811542093755;0.9988656163215637;6
7;0.2844688372686505;0.9989714711904526;0.40356035977602006;0.9988914608955384;0.3902803347725785;0.00019999775669786755;0;0.36663811542093755;0.9988656163215637;6
8;0.27866953955963253;0.9989972621202469;0.3743589911609888;0.9988498210906982;0.3855039316891016;0.00019999706997625503;0;0.36663811542093755;0.9988656163215637;6
9;0.27228601588867607;0.9990096420049668;0.38423236459493637;0.9987670302391052;0.385122461560852;0.0001999962916937612;0;0.36663811542093755;0.9988656163215637;6
10;0.27013903949409723;0.9990190505981446;0.32267406713217495;0.998913848400116;0.3663879432322489;0.00019999542185113618;0;0.32267406713217495;0.998913848400116;10
11;0.2665462028235197;0.9990249007940293;0.35349955428391694;0.9988778352737426;0.3625214265477493;0.00019999446044921835;0;0.35349955428391694;0.9988778352737426;11
12;0.25604714090004566;0.9990604519844055;0.33585720993578433;0.9988879680633544;0.3545221615641598;0.00019999340748893434;0;0.33585720993578433;0.9988879680633544;12
13;0.25316549772396685;0.9990773856639862;0.3761492695659399;0.9986794829368592;0.3610102939646938;0.00019999226297129905;0;0.33585720993578433;0.9988879680633544;12
14;0.2546968363691121;0.9990673065185547;0.3852604370564222;0.9988054037094116;0.3682853368922123;0.00019999102689741559;0;0.33585720993578433;0.9988879680633544;12
15;0.24704269454814493;0.999086058139801;0.32745929174125193;0.9989155411720276;0.3560375233469242;0.00019998969926847526;0;0.33585720993578433;0.9988879680633544;12
16;0.24542924063280225;0.9990924149751663;0.3476616399362683;0.9988368034362793;0.35352475832372743;0.00019998828008575777;0;0.33585720993578433;0.9988879680633544;12
17;0.23734225085936486;0.9991237938404083;0.34196221046149733;0.9989229202270508;0.3500559939650584;0.0001999867693506309;0;0.34196221046149733;0.9989229202270508;17
18;0.23414152390323578;0.9991327702999115;0.32196414452046157;0.9989258289337158;0.3416284391316793;0.00019998516706455074;0;0.32196414452046157;0.9989258289337158;18
19;0.2313057398889214;0.999135148525238;0.3211613241583109;0.9989789009094239;0.3354883046396687;0.00019998347322906164;0;0.3211613241583109;0.9989789009094239;19
0;0.6330439950339496;0.9681052714586258;0.5229665774852037;0.9986950397491455;0.5229665774852037;0.0002;0;0.5229665774852037;0.9986950397491455;0
1;0.4465655324049294;0.9987581998109818;0.4749148994684219;0.9987668871879578;0.5085510740801691;0.00019999995421814734;0;0.4749148994684219;0.9987668871879578;1
2;0.40338884061202407;0.9988437622785569;0.42430055141448975;0.9987413883209229;0.48327591728046526;0.0001999998168726334;0;0.42430055141448975;0.9987413883209229;2
3;0.37936284113675356;0.9989039778709412;0.46171192191541194;0.9987528204917908;0.47680671867094926;0.00019999958796359068;0;0.46171192191541194;0.9987528204917908;3
4;0.3711612349376082;0.9989143371582031;0.423229643329978;0.9988535642623901;0.4607335960686578;0.00019999926749123968;0;0.423229643329978;0.9988535642623901;4
5;0.35777733931317923;0.9989455461502075;0.4100514445453882;0.998897933959961;0.4455289506116769;0.0001999988554558894;0;0.4100514445453882;0.998897933959961;5
6;0.3547105906531215;0.9989591240882874;0.5031736135482788;0.9987375140190125;0.46282234949265744;0.0001999983518579369;0;0.4100514445453882;0.998897933959961;5
7;0.34212763234972954;0.9989805519580841;0.40124059952795504;0.9989212989807129;0.44434782450324667;0.00019999775669786755;0;0.4100514445453882;0.998897933959961;5
8;0.332504291087389;0.9990112066268921;0.43321840167045594;0.9988659620285034;0.4410089976534094;0.00019999706997625503;0;0.43321840167045594;0.9988659620285034;8
9;0.3222226846031845;0.9990302264690399;0.4044172875583172;0.9989106893539429;0.4300314846248817;0.0001999962916937612;0;0.4044172875583172;0.9989106893539429;9
10;0.31790823647752403;0.9990448504686356;0.3769489098340273;0.9989393472671508;0.41410671218762535;0.00019999542185113618;0;0.3769489098340273;0.9989393472671508;10
11;0.2998749798163772;0.9990717083215713;0.3753391418606043;0.9989235877990723;0.402476441089519;0.00019999446044921835;0;0.3753391418606043;0.9989235877990723;11
12;0.3054759970866144;0.9990657150745392;0.3775440465658903;0.9988759994506836;0.39499672273243036;0.00019999340748893434;0;0.3775440465658903;0.9988759994506836;12
13;0.29004712896421553;0.9991048276424408;0.42996165677905085;0.9988323807716369;0.40548620294641646;0.00019999226297129905;0;0.3775440465658903;0.9988759994506836;12
14;0.29206657893955706;0.9990931570529937;0.39733199030160904;0.9988753914833068;0.4030399391529742;0.00019999102689741559;0;0.3775440465658903;0.9988759994506836;12
15;0.2835773350670934;0.9991185754537583;0.39694317393004896;0.9988426208496094;0.4012109095860966;0.00019998969926847526;0;0.3775440465658903;0.9988759994506836;12
16;0.2777176957577467;0.9991245448589325;0.47177225090563296;0.998869001865387;0.42237931198195755;0.00019998828008575777;0;0.3775440465658903;0.9988759994506836;12
17;0.2785106286406517;0.9991245985031127;0.3755178406834602;0.9989612817764282;0.4083208705924083;0.0001999867693506309;0;0.3775440465658903;0.9988759994506836;12
0;0.6316428826190531;0.9704832971096039;0.4885010614991188;0.9987120866775513;0.4885010614991188;0.0002;0;0.4885010614991188;0.9987120866775513;0
1;0.4308366678655148;0.9987919509410859;0.45441666916012763;0.9987189769744873;0.47827574379742144;0.00019999995421814734;0;0.45441666916012763;0.9987189769744873;1
2;0.393273987993598;0.998880785703659;0.4971487022936344;0.9986573100090027;0.4839376313462853;0.0001999998168726334;0;0.45441666916012763;0.9987189769744873;1
3;0.37506598317995665;0.9989160358905792;0.44904038272798064;0.9988872408866882;0.47346845676079385;0.00019999958796359068;0;0.44904038272798064;0.9988872408866882;3
4;0.3606280669569969;0.9989482462406158;0.4211915772408247;0.9988598704338074;0.45778539290480313;0.00019999926749123968;0;0.4211915772408247;0.9988598704338074;4
5;0.35623151557520033;0.998958843946457;0.41724480539560316;0.9988740086555481;0.44562321665204313;0.0001999988554558894;0;0.41724480539560316;0.9988740086555481;5
6;0.33949640011414883;0.9989906758069992;0.40354586616158483;0.9988628268241883;0.43300001150490564;0.0001999983518579369;0;0.40354586616158483;0.9988628268241883;6
7;0.3315803098492324;0.9990024089813232;0.38992252498865126;0.9989486932754517;0.42007676555002926;0.00019999775669786755;0;0.38992252498865126;0.9989486932754517;7
8;0.32197326896712186;0.9990227550268174;0.41517283879220485;0.9988814115524292;0.41860558752268195;0.00019999706997625503;0;0.38992252498865126;0.9989486932754517;7
9;0.3188307867385447;0.9990335375070571;0.48411436229944227;0.9988007068634033;0.43825821995571;0.0001999962916937612;0;0.38992252498865126;0.9989486932754517;7
10;0.3186858826316893;0.9990275412797928;0.3844064433127642;0.9989225745201111;0.42210268696282627;0.00019999542185113618;0;0.38992252498865126;0.9989486932754517;7
11;0.30444483272731304;0.9990684539079666;0.382952767983079;0.9989720225334168;0.410357711268902;0.00019999446044921835;0;0.382952767983079;0.9989720225334168;11
12;0.30936898244544864;0.999057623744011;0.41782102137804034;0.9988666534423828;0.4125967043016435;0.00019999340748893434;0;0.382952767983079;0.9989720225334168;11
13;0.30454746959730983;0.9990587174892426;0.4058294516056776;0.9989378452301025;0.41056652849285374;0.00019999226297129905;0;0.382952767983079;0.9989720225334168;11
14;0.28817209573462604;0.9990973919630051;0.379951037093997;0.9989251255989074;0.4013818810731967;0.00019999102689741559;0;0.379951037093997;0.9989251255989074;14
15;0.2829411027021706;0.9991109222173691;0.3879153959453106;0.998958420753479;0.3973419355348309;0.00019998969926847526;0;0.3879153959453106;0.998958420753479;15
16;0.2895937922410667;0.9990875631570816;0.40933434180915357;0.9989253997802734;0.40093965741712767;0.00019998828008575777;0;0.3879153959453106;0.998958420753479;15
17;0.28577868938446044;0.999105042219162;0.39983191415667535;0.9989119529724121;0.40060733443899194;0.0001999867693506309;0;0.3879153959453106;0.998958420753479;15
18;0.27446261048316956;0.9991281747817993;0.4019452281296253;0.9988625764846801;0.4010087025461819;0.00019998516706455074;0;0.3879153959453106;0.998958420753479;15
19;0.27641539378091695;0.9991225093603134;0.3745750643312931;0.9989849925041199;0.39307861108171527;0.00019998347322906164;0;0.3745750643312931;0.9989849925041199;19
0;0.6770775834098458;0.9631853073835372;0.5066353023052216;0.998642909526825;0.5066353023052216;0.0002;0;0.5066353023052216;0.998642909526825;0
1;0.42852989826351406;0.9987972408533097;0.471904256939888;0.9988181114196777;0.49621598869562145;0.00019999995421814734;0;0.471904256939888;0.9988181114196777;1
2;0.3762260055169463;0.998916307091713;0.4475336067378521;0.9987618803977967;0.48161127410829063;0.0001999998168726334;0;0.4475336067378521;0.9987618803977967;2
3;0.3510145038366318;0.9989742755889892;0.40315402299165726;0.9988569498062134;0.45807409877330063;0.00019999958796359068;0;0.40315402299165726;0.9988569498062134;3
4;0.33178845178335903;0.99901282787323;0.4038768269121647;0.9988640308380127;0.44181491721495986;0.00019999926749123968;0;0.4038768269121647;0.9988640308380127;4
5;0.314895729161799;0.9990571856498718;0.40153627619147303;0.9989219307899475;0.42973132490791377;0.0001999988554558894;0;0.40153627619147303;0.9989219307899475;5
6;0.3000943403691053;0.9990901201963425;0.3956430651247501;0.9989384889602662;0.41950484697296464;0.0001999983518579369;0;0.3956430651247501;0.9989384889602662;6
7;0.288727062754333;0.9991254687309266;0.40806105062365533;0.9988528609275817;0.41607170806817184;0.00019999775669786755;0;0.40806105062365533;0.9988528609275817;7
8;0.274326135776937;0.9991604685783386;0.3842082299292088;0.9988821148872375;0.4065126646264829;0.00019999706997625503;0;0.3842082299292088;0.9988821148872375;8
9;0.2621106799691916;0.9991920262575149;0.37266543358564375;0.998965585231781;0.3963584953142311;0.0001999962916937612;0;0.37266543358564375;0.998965585231781;9
10;0.2532605392858386;0.9992176860570907;0.3765981636941433;0.9989001989364624;0.39043039582820477;0.00019999542185113618;0;0.3765981636941433;0.9989001989364624;10
11;0.24646671637892723;0.9992343127727509;0.381053826212883;0.9989210367202759;0.38761742494360824;0.00019999446044921835;0;0.381053826212883;0.9989210367202759;11
12;0.23482915610074998;0.9992665320634841;0.38788133263587954;0.9989149570465088;0.3876965972512896;0.00019999340748893434;0;0.381053826212883;0.9989210367202759;11
13;0.22514471374452114;0.9992899239063263;0.37440638095140455;0.9988582015037537;0.38370953236132405;0.00019999226297129905;0;0.37440638095140455;0.9988582015037537;13
14;0.22262263484299183;0.9992960214614868;0.3840212866663933;0.9989096522331238;0.3838030586528448;0.00019999102689741559;0;0.37440638095140455;0.9988582015037537;13
15;0.21883608121424913;0.9993088662624359;0.36796295195817946;0.9989621043205261;0.3790510266444452;0.00019998969926847526;0;0.36796295195817946;0.9989621043205261;15
16;0.21169718597084283;0.9993255645036697;0.3851291261613369;0.9989020466804505;0.3808744564995127;0.00019998828008575777;0;0.36796295195817946;0.9989621043205261;15
17;0.20338220987468958;0.9993505328893661;0.3845208860933781;0.9989528179168701;0.3819683853776723;0.0001999867693506309;0;0.36796295195817946;0.9989621043205261;15
18;0.19338914453983308;0.9993765860795975;0.39177863076329233;0.9988900423049927;0.3849114589933583;0.00019998516706455074;0;0.36796295195817946;0.9989621043205261;15
19;0.20563342608511448;0.9993467539548874;0.3826829679310322;0.9989214301109314;0.38424291167466046;0.00019998347322906164;0;0.36796295195817946;0.9989621043205261;15
0;0.6979021463543177;0.975246912240982;0.5545489929616452;0.9986333727836609;0.5545489929616452;0.0002;0;0.5545489929616452;0.9986333727836609;0
1;0.42099425978958604;0.9988340258598327;0.42295922935009;0.998780369758606;0.5150720638781786;0.00019999995421814734;0;0.42295922935009;0.998780369758606;1
2;0.37617375757545235;0.9989284425973892;0.4288899302482605;0.9988815784454346;0.4892174237892032;0.0001999998168726334;0;0.4288899302482605;0.9988815784454346;2
3;0.35285809375345706;0.998975956439972;0.40254584401845933;0.9988941431045533;0.46321594985798;0.00019999958796359068;0;0.40254584401845933;0.9988941431045533;3
4;0.33325741719454527;0.9990200817584991;0.3966348208487034;0.9988957166671752;0.443241611155197;0.00019999926749123968;0;0.3966348208487034;0.9988957166671752;4
5;0.31758288852870464;0.9990544259548187;0.3919582016766071;0.9988836765289306;0.42785658831162;0.0001999988554558894;0;0.3919582016766071;0.9988836765289306;5
6;0.30958284959197047;0.9990752667188645;0.3822025068104267;0.9988893985748291;0.414160363861262;0.0001999983518579369;0;0.3822025068104267;0.9988893985748291;6
7;0.2952851716428995;0.9991102755069733;0.3930267609655857;0.9989292621612549;0.407820282992559;0.00019999775669786755;0;0.3930267609655857;0.9989292621612549;7
8;0.2822382582351565;0.9991450518369674;0.38075682893395424;0.9989333391189575;0.39970124677497754;0.00019999706997625503;0;0.38075682893395424;0.9989333391189575;8
9;0.2719047132879496;0.9991669118404388;0.3954380817711353;0.9989480614662171;0.39842229727382483;0.0001999962916937612;0;0.38075682893395424;0.9989333391189575;8
10;0.2624446226283908;0.9991942435503006;0.3756946511566639;0.9989238739013672;0.3916040034386765;0.00019999542185113618;0;0.3756946511566639;0.9989238739013672;10
11;0.2546780027449131;0.9992125451564788;0.376807276904583;0.9989612340927124;0.38716498547844846;0.00019999446044921835;0;0.376807276904583;0.9989612340927124;11
12;0.24576921500265597;0.9992356806993484;0.36499316692352296;0.9989391326904297;0.3805134399119708;0.00019999340748893434;0;0.36499316692352296;0.9989391326904297;12
13;0.2388399329036474;0.9992565155029297;0.410901053994894;0.998939049243927;0.3896297241368477;0.00019999226297129905;0;0.36499316692352296;0.9989391326904297;12
14;0.24648449886590243;0.9992347627878189;0.3777702420949936;0.9989033222198487;0.38607187952429145;0.00019999102689741559;0;0.36499316692352296;0.9989391326904297;12
15;0.23070926051586865;0.9992768317461014;0.38295007273554804;0.9989397883415222;0.38513533748766837;0.00019998969926847526;0;0.36499316692352296;0.9989391326904297;12
16;0.2196902321651578;0.999304011464119;0.3723093748092651;0.9989421963691711;0.3812875486841474;0.00019998828008575777;0;0.36499316692352296;0.9989391326904297;12
17;0.20769333150237798;0.9993373483419419;0.3832517385482788;0.9988747000694275;0.3818768056433868;0.0001999867693506309;0;0.36499316692352296;0.9989391326904297;12
0;0.2644303168149157;0.9965578734874725;0.23179030260832353;0.9984825134277344;0.23179030260832353;0.0002;0;0.23179030260832353;0.9984825134277344;0
1;0.18337538382214988;0.9987254202365875;0.21673037497894265;0.9981554985046387;0.22727232431950928;0.00019999995421814734;0;0.21673037497894265;0.9981554985046387;1
2;0.16886232452729563;0.9988289982080459;0.20763998789655166;0.9984942197799682;0.221382623392622;0.0001999998168726334;0;0.20763998789655166;0.9984942197799682;2
3;0.16036269134313902;0.998885577917099;0.179622947582967;0.9988548278808593;0.2088547206497255;0.00019999958796359068;0;0.179622947582967;0.9988548278808593;3
4;0.15435754586113176;0.998926317691803;0.18544843466326477;0.9986533164978028;0.20183283485378725;0.00019999926749123968;0;0.18544843466326477;0.9986533164978028;4
5;0.1496900073248329;0.998957434296608;0.18903171160804705;0.99880051612854;0.19799249788006518;0.0001999988554558894;0;0.18903171160804705;0.99880051612854;5
6;0.14432638050633312;0.9989890307188034;0.1787664493669527;0.9989121794700623;0.19222468332613143;0.0001999983518579369;0;0.1787664493669527;0.9989121794700623;6
7;0.14060901949208454;0.999007785320282;0.20281917505837815;0.9986538648605346;0.19540303084580546;0.00019999775669786755;0;0.1787664493669527;0.9989121794700623;6
8;0.13836678999111687;0.9990258008241654;0.17146181209343822;0.9987538695335388;0.18822066522009528;0.00019999706997625503;0;0.17146181209343822;0.9987538695335388;8
9;0.13260704720510277;0.9990653723478318;0.16946804133524615;0.9989058613777161;0.18259487805464053;0.0001999962916937612;0;0.16946804133524615;0.9989058613777161;9
10;0.12911278313788271;0.9990865230560303;0.19429152455674042;0.9988929748535156;0.18610387200527048;0.00019999542185113618;0;0.16946804133524615;0.9989058613777161;9
11;0.12628181859686022;0.9991002738475799;0.16210679363069339;0.9988921046257019;0.17890474849289734;0.00019999446044921835;0;0.16210679363069339;0.9988921046257019;11
12;0.12331125686114544;0.9991184502840043;0.1702481718408087;0.9987981677055359;0.17630777549727072;0.00019999340748893434;0;0.1702481718408087;0.9987981677055359;12
13;0.12030001721169489;0.9991346091032028;0.16368853229206604;0.9989328503608703;0.17252200253570932;0.00019999226297129905;0;0.16368853229206604;0.9989328503608703;13
14;0.11920261499286314;0.9991401702165603;0.16654203481002175;0.9989544153213501;0.17072801221800304;0.00019999102689741559;0;0.16654203481002175;0.9989544153213501;14
15;0.11569635384799082;0.9991609513759613;0.183027354861527;0.998790156841278;0.1744178150110602;0.00019998969926847526;0;0.16654203481002175;0.9989544153213501;14
16;0.11756892944050712;0.9991453856229782;0.17347762043217704;0.9989781975746155;0.17413575663739525;0.00019998828008575777;0;0.16654203481002175;0.9989544153213501;14
17;0.1116325573081675;0.9991775482892991;0.16971381433804153;0.9988492012023926;0.17280917394758913;0.0001999867693506309;0;0.16654203481002175;0.9989544153213501;14
18;0.10845278820665456;0.9992020040750503;0.16446738287715681;0.9988770127296448;0.17030663662645942;0.00019998516706455074;0;0.16654203481002175;0.9989544153213501;14
19;0.11034722669140211;0.9991887748241425;0.16776977002046894;0.9989355206489563;0.16954557664466227;0.00019998347322906164;0;0.16776977002046894;0.9989355206489563;19
0;0.3453953853474771;0.9834240764379502;0.25672497712314024;0.997759747505188;0.25672497712314024;0.0002;0;0.25672497712314024;0.997759747505188;0
1;0.19205009376618679;0.9986385196447373;0.21486283797258077;0.9987191081047058;0.2441663353779724;0.00019999995421814734;0;0.21486283797258077;0.9987191081047058;1
2;0.1728305419722416;0.9987883627414703;0.20047178714189648;0.9987377166748047;0.23105797090714958;0.0001999998168726334;0;0.20047178714189648;0.9987377166748047;2
3;0.16249153639684755;0.9988604933023453;0.24241756240064477;0.9984757661819458;0.23446584835519813;0.00019999958796359068;0;0.20047178714189648;0.9987377166748047;2
4;0.15635789030882344;0.9989027321338654;0.17498095565132873;0.998882532119751;0.21662038054403732;0.00019999926749123968;0;0.17498095565132873;0.998882532119751;4
5;0.15101885967841974;0.9989405125379562;0.1741580956211216;0.9988355278968811;0.20388169506716258;0.0001999988554558894;0;0.1741580956211216;0.9988355278968811;5
6;0.14792330158509423;0.9989668101072311;0.17821506892110578;0.9989050507545472;0.19618170722334552;0.0001999983518579369;0;0.17821506892110578;0.9989050507545472;6
7;0.14362316126553537;0.9989873588085174;0.17432526509776816;0.9987257719039917;0.1896247745856723;0.00019999775669786755;0;0.17432526509776816;0.9987257719039917;7
8;0.1395549702043916;0.9990177243947983;0.16659283561135851;0.9989028811454773;0.18271519289337815;0.00019999706997625503;0;0.16659283561135851;0.9989028811454773;8
9;0.13868043348519069;0.9990258842706681;0.16135453867971195;0.9989560723304749;0.1763069966292783;0.0001999962916937612;0;0.16135453867971195;0.9989560723304749;9
10;0.13477693773377558;0.9990447074174881;0.17240022483878148;0.9988731026649476;0.17513496509212922;0.00019999542185113618;0;0.17240022483878148;0.9988731026649476;10
11;0.134087855113855;0.9990376681089401;0.1658631794458508;0.998947536945343;0.1723534293982457;0.00019999446044921835;0;0.1658631794458508;0.998947536945343;11
12;0.13068247438917277;0.9990578860044479;0.16071700728037655;0.998968505859375;0.16886250276288495;0.00019999340748893434;0;0.16071700728037655;0.998968505859375;12
13;0.1296631817573673;0.9990786045789719;0.16778507291830752;0.9988982319831848;0.16853927380951172;0.00019999226297129905;0;0.16071700728037655;0.998968505859375;12
14;0.1271235257790846;0.9990902662277221;0.1828110339893037;0.9989323139190673;0.1728208018634493;0.00019999102689741559;0;0.16071700728037655;0.998968505859375;12
15;0.1255541572906072;0.9991027414798737;0.16848208473379594;0.9989345788955688;0.1715191867245533;0.00019998969926847526;0;0.16071700728037655;0.998968505859375;12
16;0.12247842831465032;0.9991136133670807;0.17065272162868989;0.9989723682403564;0.17125924719579427;0.00019998828008575777;0;0.16071700728037655;0.998968505859375;12
17;0.121881309736583;0.9991115838289261;0.16607311248638645;0.998770272731781;0.1697034067829719;0.0001999867693506309;0;0.16071700728037655;0.998968505859375;12
0;0.3322145454485437;0.9968912363052368;0.2823312560565;0.9982586145401001;0.2823312560565;0.0002;0;0.2823312560565;0.9982586145401001;0
1;0.22934238672182133;0.9987428456544876;0.23896213382862155;0.9987360835075378;0.26932051938813645;0.00019999995421814734;0;0.23896213382862155;0.9987360835075378;1
2;0.2070017218503047;0.9988373160362244;0.22741520423106473;0.9987534403800964;0.2567489248410149;0.0001999998168726334;0;0.22741520423106473;0.9987534403800964;2
3;0.19312543794759213;0.9989029198884964;0.22877891440483608;0.9986857652664185;0.24835792171016124;0.00019999958796359068;0;0.22877891440483608;0.9986857652664185;3
4;0.18870872892739082;0.998913186788559;0.23173098321563054;0.9987287521362305;0.24336984016180202;0.00019999926749123968;0;0.23173098321563054;0.9987287521362305;4
5;0.1843316540862855;0.998941695690155;0.21441977860913847;0.9987330436706543;0.23468482169600297;0.0001999988554558894;0;0.21441977860913847;0.9987330436706543;5
6;0.1743673023038482;0.998978441953659;0.19883418326853647;0.9988376498222351;0.22392963016776302;0.0001999983518579369;0;0.19883418326853647;0.9988376498222351;6
7;0.17425198803007677;0.9989774405956269;0.20494747519710205;0.9989514589309693;0.2182349836765647;0.00019999775669786755;0;0.20494747519710205;0.9989514589309693;7
8;0.1629657253309119;0.9990296542644501;0.24707661977867942;0.9987161517143249;0.2268874745071991;0.00019999706997625503;0;0.20494747519710205;0.9989514589309693;7
9;0.168087056911643;0.9990076214075089;0.20591094400213125;0.998922836780548;0.22059451535567873;0.0001999962916937612;0;0.20494747519710205;0.9989514589309693;7
10;0.15805109555177882;0.9990488976240158;0.20086785382959546;0.9989328861236573;0.21467651689785372;0.00019999542185113618;0;0.20086785382959546;0.9989328861236573;10
11;0.15457341114707662;0.9990724891424179;0.19819863059934215;0.9988722562789917;0.20973315100830026;0.00019999446044921835;0;0.19819863059934215;0.9988722562789917;11
12;0.14914469401457855;0.9990972727537155;0.18985925497255898;0.9989800095558167;0.20377098219757786;0.00019999340748893434;0;0.18985925497255898;0.9989800095558167;12
13;0.1518469799285709;0.9990828216075898;0.19851819803530385;0.9989652514457703;0.20219514694889565;0.00019999226297129905;0;0.19851819803530385;0.9989652514457703;13
14;0.1449022680235905;0.9991117477416992;0.20317741109589713;0.9989282965660096;0.2024898261929961;0.00019999102689741559;0;0.19851819803530385;0.9989652514457703;13
15;0.14766940820032404;0.9990954548120499;0.1894472982024723;0.9989082217216492;0.19857706779583895;0.00019998969926847526;0;0.1894472982024723;0.9989082217216492;15
16;0.14089690439328134;0.9991269499063492;0.19632775860721646;0.9989676713943482;0.19790227503925217;0.00019998828008575777;0;0.1894472982024723;0.9989082217216492;15
17;0.13824530370492286;0.999142849445343;0.1897288611017787;0.9989644169807435;0.19545025085801013;0.0001999867693506309;0;0.1897288611017787;0.9989644169807435;17
18;0.13312886443445218;0.9991712927818298;0.1916641256390676;0.9988540172576904;0.19431441329232735;0.00019998516706455074;0;0.1916641256390676;0.9988540172576904;18
19;0.1365016579539025;0.9991543084383011;0.1936245273916767;0.9988828659057617;0.19410744752213216;0.00019998347322906164;0;0.1916641256390676;0.9988540172576904;18
0;0.4403085164542208;0.98701613843441;0.37570439884636925;0.9968375563621521;0.37570439884636925;0.0002;0;0.37570439884636925;0.9968375563621521;0
1;0.23787898125839996;0.9986859858036041;0.23027276328510346;0.9987187385559082;0.33207490817798946;0.00019999995421814734;0;0.23027276328510346;0.9987187385559082;1
2;0.21029556300519223;0.9988327920436859;0.23381235910422435;0.9988024473190308;0.3025961434558599;0.0001999998168726334;0;0.23381235910422435;0.9988024473190308;2
3;0.19403436501909196;0.9988999783992767;0.2064034918936788;0.9988781929016113;0.27373834798720553;0.00019999958796359068;0;0.2064034918936788;0.9988781929016113;3
4;0.18574336083226933;0.9989319533109665;0.21341786902618995;0.9988489747047424;0.25564220429890083;0.00019999926749123968;0;0.21341786902618995;0.9988489747047424;4
5;0.18092511096261257;0.9989571273326874;0.21107554135867662;0.9988350391387939;0.24227220541683356;0.0001999988554558894;0;0.21107554135867662;0.9988350391387939;5
6;0.17664181769172077;0.9989728182554245;0.2019076714361102;0.9988835215568542;0.23016284522261654;0.0001999983518579369;0;0.2019076714361102;0.9988835215568542;6
7;0.17198662084564603;0.9989928841590882;0.19909856592338943;0.9988534808158874;0.2208435614328484;0.00019999775669786755;0;0.19909856592338943;0.9988534808158874;7
8;0.16503881588508834;0.9990216195583344;0.21653439400822005;0.9988451480865479;0.21955081120545988;0.00019999706997625503;0;0.21653439400822005;0.9988451480865479;8
9;0.1659074602756942;0.9990141540765762;0.21492466260139356;0.9989397287368774;0.21816296662423995;0.0001999962916937612;0;0.21492466260139356;0.9989397287368774;9
10;0.16012633093125994;0.9990415275096893;0.20326342036347866;0.9989405751228333;0.21369310274601155;0.00019999542185113618;0;0.20326342036347866;0.9989405751228333;10
11;0.15668109024361337;0.999059846997261;0.2063365563773182;0.9989107012748718;0.21148613883540354;0.00019999446044921835;0;0.2063365563773182;0.9989107012748718;11
12;0.15186304337947668;0.9990779161453247;0.20885536289371628;0.9989017486572266;0.21069690605289737;0.00019999340748893434;0;0.2063365563773182;0.9989107012748718;11
13;0.15237129638957142;0.9990708529949188;0.19863649153269167;0.99892338514328;0.20707878169683566;0.00019999226297129905;0;0.19863649153269167;0.99892338514328;13
14;0.14976995090331507;0.9990863382816315;0.20594270157972455;0.9988693594932556;0.20673795766170233;0.00019999102689741559;0;0.19863649153269167;0.99892338514328;13
15;0.14256516149793003;0.9991107702255249;0.18757688594581692;0.9989457130432129;0.2009896361469367;0.00019998969926847526;0;0.18757688594581692;0.9989457130432129;15
16;0.14364555875385515;0.999107164144516;0.19178224557976026;0.9989431023597717;0.19822741897678375;0.00019998828008575777;0;0.19178224557976026;0.9989431023597717;16
17;0.14627948665210394;0.9991024196147918;0.19622351347989528;0.9989730477333069;0.1976262473277172;0.0001999867693506309;0;0.19178224557976026;0.9989431023597717;16
18;0.13821829848071104;0.9991380482912063;0.19033012956582576;0.9989507555961609;0.19543741199914977;0.00019998516706455074;0;0.19033012956582576;0.9989507555961609;18
19;0.13533418499598074;0.9991476476192475;0.199583223121728;0.9989875078201294;0.19668115533592323;0.00019998347322906164;0;0.19033012956582576;0.9989507555961609;18
0;0.46087519396096466;0.9877535402774811;0.32085728645324707;0.9984730243682861;0.32085728645324707;0.0002;0;0.32085728645324707;0.9984730243682861;0
1;0.2314822347369045;0.9987397134304047;0.24290451779961586;0.9987833142280579;0.29747145585715773;0.00019999995421814734;0;0.24290451779961586;0.9987833142280579;1
2;0.1965948139782995;0.9988935559988021;0.21247878577560186;0.9988698363304138;0.271973654832691;0.0001999998168726334;0;0.21247878577560186;0.9988698363304138;2
3;0.18133346629329025;0.9989564806222916;0.21478050528094172;0.998885977268219;0.2548157099671662;0.00019999958796359068;0;0.21478050528094172;0.998885977268219;3
4;0.17125664693303405;0.9990045994520187;0.20281373271718622;0.9989051222801208;0.23921511679217217;0.00019999926749123968;0;0.20281373271718622;0.9989051222801208;4
5;0.16348509429953992;0.9990331709384919;0.19083471912890673;0.9988969206809998;0.22470099749319253;0.0001999988554558894;0;0.19083471912890673;0.9988969206809998;5
6;0.1568119177594781;0.999071192741394;0.2128067646175623;0.9989359974861145;0.22113272763050346;0.0001999983518579369;0;0.2128067646175623;0.9989359974861145;6
7;0.1501699671614915;0.9991022914648056;0.19348894618451595;0.9989490628242492;0.21283959319670717;0.00019999775669786755;0;0.19348894618451595;0.9989490628242492;7
8;0.143881778488867;0.9991352409124374;0.2003157396800816;0.9989359974861145;0.2090824371417195;0.00019999706997625503;0;0.2003157396800816;0.9989359974861145;8
9;0.13775763451121747;0.9991668045520783;0.2070097173564136;0.99893239736557;0.2084606212061277;0.0001999962916937612;0;0.2003157396800816;0.9989359974861145;8
10;0.13290237917099149;0.9991923660039902;0.201654121465981;0.9989081501960755;0.20641867128408367;0.00019999542185113618;0;0.201654121465981;0.9989081501960755;10
11;0.12802230047527702;0.9992193013429642;0.1896893502213061;0.9989444613456726;0.20139987496525041;0.00019999446044921835;0;0.1896893502213061;0.9989444613456726;11
12;0.12369966483674943;0.9992398798465729;0.19082425385713578;0.9988594651222229;0.19822718863281602;0.00019999340748893434;0;0.19082425385713578;0.9988594651222229;12
13;0.12213237774558365;0.9992544412612915;0.187345758266747;0.9988949298858643;0.1949627595229953;0.00019999226297129905;0;0.187345758266747;0.9988949298858643;13
14;0.11652705622836948;0.9992794334888458;0.19398346524685622;0.9988656640052795;0.19466897124015356;0.00019999102689741559;0;0.187345758266747;0.9988949298858643;13
15;0.11900684186257422;0.9992687463760376;0.20560517581179738;0.9989585876464844;0.1979498326116467;0.00019998969926847526;0;0.187345758266747;0.9988949298858643;13
16;0.11076606875285507;0.9993094801902771;0.19443449871614576;0.9989627957344055;0.19689523244299642;0.00019998828008575777;0;0.187345758266747;0.9988949298858643;13
17;0.10728381018852814;0.9993268817663192;0.19579103672876955;0.9989612817764282;0.19656397372872836;0.0001999867693506309;0;0.187345758266747;0.9988949298858643;13
18;0.10565970105817542;0.9993344426155091;0.20675890976563097;0.9989366650581359;0.19962245453979915;0.00019998516706455074;0;0.187345758266747;0.9988949298858643;13
0;0.505668530240655;0.975735530257225;0.4919171895831823;0.998280692100525;0.4919171895831823;0.0002;0;0.4919171895831823;0.998280692100525;0
1;0.39896231130696835;0.9970744729042054;0.2608685163781047;0.9986261129379272;0.42260258762165903;0.00019999995421814734;0;0.2608685163781047;0.9986261129379272;1
2;0.2186424657702446;0.9987986385822296;0.28897682167589667;0.9986192107200622;0.38251485783793027;0.0001999998168726334;0;0.28897682167589667;0.9986192107200622;2
3;0.19073269153013825;0.9989141285419464;0.21789930816739797;0.9988818645477295;0.33313019293677054;0.00019999958796359068;0;0.21789930816739797;0.9988818645477295;3
4;0.17877165614627302;0.9989680469036102;0.2152063300833106;0.998850417137146;0.2977530340807325;0.00019999926749123968;0;0.2152063300833106;0.998850417137146;4
5;0.1715396515093744;0.9989990502595901;0.20404934510588646;0.9989274978637696;0.2696419273882787;0.0001999988554558894;0;0.20404934510588646;0.9989274978637696;5
6;0.16388750579208136;0.999032175540924;0.20843998091295363;0.9989412546157836;0.25128134344568115;0.0001999983518579369;0;0.20843998091295363;0.9989412546157836;6
7;0.1571136379847303;0.9990681558847427;0.22398514607921244;0.9988594889640808;0.24309248423574054;0.00019999775669786755;0;0.22398514607921244;0.9988594889640808;7
8;0.15257972036488354;0.9990915417671203;0.21224587708711623;0.9988903045654297;0.2338385020911532;0.00019999706997625503;0;0.21224587708711623;0.9988903045654297;8
9;0.14953690473921596;0.999106940627098;0.1976016266271472;0.9989158034324646;0.2229674394519514;0.0001999962916937612;0;0.1976016266271472;0.9989158034324646;9
10;0.14496378905605525;0.9991313338279724;0.196069095749408;0.99895339012146;0.21489793634118837;0.00019999542185113618;0;0.196069095749408;0.99895339012146;10
11;0.13981156717054546;0.9991560518741608;0.19491804325953127;0.9989071846008301;0.20890396841669123;0.00019999446044921835;0;0.19491804325953127;0.9989071846008301;11
12;0.13599367199931295;0.9991760641336441;0.21321315309032798;0.998863697052002;0.21019672381878224;0.00019999340748893434;0;0.19491804325953127;0.9989071846008301;11
13;0.1332598690642044;0.9991899609565735;0.20745739853009582;0.9988835692405701;0.2093749262321763;0.00019999226297129905;0;0.19491804325953127;0.9989071846008301;11
14;0.12643817313946784;0.9992251634597779;0.19919161926954984;0.9989487290382385;0.20631993414338834;0.00019999102689741559;0;0.19919161926954984;0.9989487290382385;14
15;0.12489945369306951;0.9992351144552231;0.20945111075416206;0.9989017844200134;0.20725928712662045;0.00019998969926847526;0;0.19919161926954984;0.9989487290382385;14
16;0.12199199823662639;0.9992474794387818;0.19052395457401872;0.9989255547523499;0.20223868736083994;0.00019998828008575777;0;0.19052395457401872;0.9989255547523499;16
17;0.11964851366356015;0.9992620050907135;0.20341007774695755;0.998927640914917;0.20259010447667522;0.0001999867693506309;0;0.19052395457401872;0.9989255547523499;16
18;0.11351178616750986;0.999292403459549;0.20615561492741108;0.998896324634552;0.20365975761189598;0.00019998516706455074;0;0.19052395457401872;0.9989255547523499;16
19;0.10831513969460502;0.9993180602788925;0.19370052646845579;0.9989446401596069;0.2006719882688639;0.00019998347322906164;0;0.19370052646845579;0.9989446401596069;19
0;0.01950979073689919;0.9969176232814789;0.0074443758243963095;0.9983355522155761;0.0074443758243963095;0.0002;0;0.0074443758243963095;0.9983355522155761;0
1;0.004852813146685042;0.9987836122512818;0.0052498389806551705;0.998615312576294;0.006786014771273968;0.00019999995421814734;0;0.0052498389806551705;0.998615312576294;1
2;0.00402756961596633;0.9988821834325791;0.004716212917870078;0.9987814903259278;0.0061650742152528;0.0001999998168726334;0;0.004716212917870078;0.9987814903259278;2
3;0.0036349757369357936;0.9989435821771622;0.005332095624602481;0.9986649036407471;0.005915180638057704;0.00019999958796359068;0;0.005332095624602481;0.9986649036407471;3
4;0.0034461850290304777;0.9989700764417648;0.00422989101654509;0.9988345026969909;0.00540959375160392;0.00019999926749123968;0;0.00422989101654509;0.9988345026969909;4
5;0.0031765280130070543;0.9990202397108078;0.0037144515682179463;0.9988942742347717;0.004901051096588127;0.0001999988554558894;0;0.0037144515682179463;0.9988942742347717;5
6;0.0030476552803918515;0.999042147397995;0.005900325245978222;0.9987558245658874;0.005200833341405155;0.0001999983518579369;0;0.0037144515682179463;0.9988942742347717;5
7;0.002806194782824089;0.999085146188736;0.003700248821184208;0.9989031553268433;0.0047506579853388705;0.00019999775669786755;0;0.003700248821184208;0.9989031553268433;7
8;0.002639201250128607;0.9991181194782257;0.0045945661169018315;0.9988514661788941;0.004703830424807758;0.00019999706997625503;0;0.0045945661169018315;0.9988514661788941;8
9;0.002474307032176143;0.9991537898778915;0.003728581839458677;0.9989374995231628;0.004411255849203034;0.0001999962916937612;0;0.003728581839458677;0.9989374995231628;9
10;0.0022859753102211504;0.9992014914751053;0.004372250798891773;0.9989119648933411;0.004399554334109655;0.00019999542185113618;0;0.003728581839458677;0.9989374995231628;9
11;0.002131262889465179;0.9992469638586045;0.004400106071235288;0.998809814453125;0.004399719855247345;0.00019999446044921835;0;0.003728581839458677;0.9989374995231628;9
12;0.0020169158491972405;0.9992707967758179;0.02257406973083472;0.9986056089401245;0.009852024817923558;0.00019999340748893434;0;0.003728581839458677;0.9989374995231628;9
13;0.0018700647007797513;0.9993091225624084;0.004917837942221325;0.9989024996757507;0.008371768755212887;0.00019999226297129905;0;0.003728581839458677;0.9989374995231628;9
14;0.001702655589575963;0.9993544220924377;0.005663344576131235;0.9988748908042908;0.007559241501488391;0.00019999102689741559;0;0.003728581839458677;0.9989374995231628;9
0;0.032605230250540906;0.9962715566158294;0.009268113787881126;0.9984860062599182;0.009268113787881126;0.0002;0;0.009268113787881126;0.9984860062599182;0
1;0.0053110695127807864;0.9987485319375992;0.0050787345475333924;0.9987639904022216;0.008011300015776806;0.00019999995421814734;0;0.0050787345475333924;0.9987639904022216;1
2;0.004176217696044966;0.9988755464553833;0.004331000920867469;0.9988476395606994;0.006907210287304004;0.0001999998168726334;0;0.004331000920867469;0.9988476395606994;2
3;0.003727081862749902;0.9989328205585479;0.004363933880125332;0.9988357543945312;0.006144227365150402;0.00019999958796359068;0;0.004363933880125332;0.9988357543945312;3
4;0.0035365497919921975;0.998959219455719;0.004448715786216066;0.9988351702690125;0.0056355738914701005;0.00019999926749123968;0;0.004448715786216066;0.9988351702690125;4
5;0.0032421591394028422;0.9990094989538193;0.0036411949436772075;0.9989400625228881;0.005037260207132232;0.0001999988554558894;0;0.0036411949436772075;0.9989400625228881;5
6;0.0030784047874818643;0.9990428805351257;0.00499810335084669;0.9988125562667847;0.005025513150246569;0.0001999983518579369;0;0.0036411949436772075;0.9989400625228881;5
7;0.0029337809789058305;0.9990657985210418;0.003970905301401742;0.9989359021186829;0.004709130795593121;0.00019999775669786755;0;0.003970905301401742;0.9989359021186829;7
8;0.0028061061817357927;0.9990916073322296;0.004436290843495275;0.9986945271492005;0.0046272788099637665;0.00019999706997625503;0;0.004436290843495275;0.9986945271492005;8
9;0.0026956841237233296;0.9991166561841964;0.003836516167319357;0.998953115940094;0.004390050017170443;0.0001999962916937612;0;0.003836516167319357;0.998953115940094;9
10;0.0025200277451053526;0.999152684211731;0.003609414992363627;0.9989278674125671;0.004155859509728398;0.00019999542185113618;0;0.003609414992363627;0.9989278674125671;10
11;0.0023618260300822813;0.9991853833198547;0.003687000237290597;0.9989814400672913;0.004015201727997058;0.00019999446044921835;0;0.003687000237290597;0.9989814400672913;11
12;0.0022664100646294745;0.9992077976465226;0.004047308829457445;0.9989231944084167;0.004024833858435174;0.00019999340748893434;0;0.003687000237290597;0.9989814400672913;11
13;0.002111573862169351;0.9992429494857789;0.003737394379325061;0.9989423036575318;0.00393860201470214;0.00019999226297129905;0;0.003737394379325061;0.9989423036575318;13
14;0.00200129431165771;0.9992755621671676;0.004067395534879984;0.9989501357078552;0.003977240070755493;0.00019999102689741559;0;0.003737394379325061;0.9989423036575318;13
15;0.0018719632595465643;0.999306720495224;0.004272063389465274;0.9989478468894959;0.004065687066368427;0.00019998969926847526;0;0.003737394379325061;0.9989423036575318;13
16;0.0017672689989831447;0.9993355125188828;0.004660887158559067;0.9989224433898926;0.004244247094025619;0.00019998828008575777;0;0.003737394379325061;0.9989423036575318;13
17;0.0017095472419719564;0.9993497550487518;0.005625942428374491;0.9989348888397217;0.004658755694330281;0.0001999867693506309;0;0.003737394379325061;0.9989423036575318;13
18;0.0016211897841540584;0.9993728280067444;0.004381854963545842;0.9989100217819213;0.004575685475094949;0.00019998516706455074;0;0.003737394379325061;0.9989423036575318;13
0;0.04198428249927115;0.9924342542886734;0.009240813512363033;0.9984266281127929;0.009240813512363033;0.0002;0;0.009240813512363033;0.9984266281127929;0
1;0.006389145620161629;0.99864641726017;0.006694615775147272;0.9985478758811951;0.008476954191198304;0.00019999995421814734;0;0.006694615775147272;0.9985478758811951;1
2;0.004743605196987905;0.9988151222467423;0.005130831236828821;0.9986912131309509;0.007473117304887459;0.0001999998168726334;0;0.005130831236828821;0.9986912131309509;2
3;0.004053413619424322;0.9988982111215592;0.005618349082786361;0.9987207055091858;0.006916686838257129;0.00019999958796359068;0;0.005618349082786361;0.9987207055091858;3
4;0.003640939768387234;0.9989564955234528;0.004376943347303758;0.998811686038971;0.0061547637909711165;0.00019999926749123968;0;0.004376943347303758;0.998811686038971;4
5;0.00340356947850858;0.9989881724119186;0.004308237824713431;0.9988495945930481;0.00560080600109381;0.0001999988554558894;0;0.004308237824713431;0.9988495945930481;5
6;0.0031521122018796756;0.9990355014801026;0.004010441435101598;0.9988842129707336;0.005123696631296146;0.0001999983518579369;0;0.004010441435101598;0.9988842129707336;6
7;0.0029180550206542783;0.9990772902965546;0.004372742941162661;0.9988534212112427;0.0048984105242561;0.00019999775669786755;0;0.004372742941162661;0.9988534212112427;7
8;0.002781156034685972;0.9991004258394242;0.004017301999763586;0.9988577723503113;0.004634077966908345;0.00019999706997625503;0;0.004017301999763586;0.9988577723503113;8
9;0.0025404325526796395;0.999149402976036;0.004402161685527609;0.9988035798072815;0.0045645030824941245;0.0001999962916937612;0;0.004402161685527609;0.9988035798072815;9
10;0.002285983776466671;0.9992108881473541;0.004457386974120135;0.998884129524231;0.004532368249981928;0.00019999542185113618;0;0.004457386974120135;0.998884129524231;10
11;0.0021194258458350343;0.9992462247610092;0.005418319773408385;0.9987511515617371;0.004798153707009865;0.00019999446044921835;0;0.004457386974120135;0.998884129524231;10
12;0.0019428618554738404;0.9992906659841537;0.0046564664691112504;0.9988747358322143;0.00475564753564028;0.00019999340748893434;0;0.004457386974120135;0.998884129524231;10
13;0.001785669882160194;0.9993296653032303;0.005090527711192939;0.9988641381263733;0.004856111588306077;0.00019999226297129905;0;0.004457386974120135;0.998884129524231;10
14;0.0017024024731552745;0.9993555307388305;0.005274678883085181;0.9988697409629822;0.004981681776739808;0.00019999102689741559;0;0.004457386974120135;0.998884129524231;10
15;0.0016277600820542558;0.9993750244379044;0.005725417594181199;0.9988223314285278;0.005204802521972225;0.00019998969926847526;0;0.004457386974120135;0.998884129524231;10
0;0.057187864770783456;0.9935517400503159;0.04977861477490247;0.9969221115112304;0.04977861477490247;0.0002;0;0.04977861477490247;0.9969221115112304;0
1;0.008151821397716318;0.9983617842197419;0.03742108774035281;0.9974387884140015;0.04607135666453757;0.00019999995421814734;0;0.03742108774035281;0.9974387884140015;1
2;0.005589428478614087;0.9986945003271103;0.009322634769299213;0.9986279249191284;0.03504674009596606;0.0001999998168726334;0;0.009322634769299213;0.9986279249191284;2
3;0.00446228412178532;0.9988438159227371;0.026725102963982422;0.9982896566390991;0.03255024895637097;0.00019999958796359068;0;0.026725102963982422;0.9982896566390991;3
4;0.004010444265771725;0.9988975256681443;0.06369022813052094;0.9986413240432739;0.04189224270861596;0.00019999926749123968;0;0.026725102963982422;0.9982896566390991;3
5;0.003591831870980005;0.9989625602960587;0.00637980528223712;0.9987148165702819;0.031238511480702308;0.0001999988554558894;0;0.00637980528223712;0.9987148165702819;5
6;0.0032856842556204676;0.9990091234445572;0.011134646606984057;0.9986865878105163;0.025207352018586832;0.0001999983518579369;0;0.011134646606984057;0.9986865878105163;6
7;0.0030760529912232603;0.9990432471036911;0.005461582338776582;0.9988233089447022;0.019283621114643757;0.00019999775669786755;0;0.005461582338776582;0.9988233089447022;7
8;0.0028530427464423433;0.9990862905979156;0.0047449643498596065;0.998825979232788;0.014922024085208511;0.00019999706997625503;0;0.0047449643498596065;0.998825979232788;8
9;0.002591068816190255;0.999136283993721;0.005076880646062704;0.9988391160964966;0.011968481053464769;0.0001999962916937612;0;0.005076880646062704;0.9988391160964966;9
10;0.0024097447807174864;0.9991707652807236;0.004710163703240747;0.9988133907318115;0.00979098584839756;0.00019999542185113618;0;0.004710163703240747;0.9988133907318115;10
11;0.0022100863859999837;0.9992151826620101;0.004837474045567163;0.998772382736206;0.00830493230754844;0.00019999446044921835;0;0.004837474045567163;0.998772382736206;11
12;0.002103380822031769;0.9992417246103287;0.005757724040021577;0.9988104104995728;0.007540769827290381;0.00019999340748893434;0;0.005757724040021577;0.9988104104995728;12
13;0.0019104577593717057;0.9992877513170242;0.005318749392584713;0.9988344788551331;0.006874163696878681;0.00019999226297129905;0;0.005318749392584713;0.9988344788551331;13
14;0.0017874850626303108;0.9993212908506394;0.006354512391703525;0.9987940907478332;0.006718268305326134;0.00019999102689741559;0;0.006354512391703525;0.9987940907478332;14
15;0.0017611272028577912;0.9993309646844863;0.005980473443458976;0.9988337516784668;0.006496929846765986;0.00019998969926847526;0;0.005980473443458976;0.9988337516784668;15
16;0.0016590699633534632;0.9993580847978591;0.005825705381199488;0.9988557934761048;0.006295562507096036;0.00019998828008575777;0;0.005825705381199488;0.9988557934761048;16
17;0.0015556647952642117;0.999387314915657;0.006691718195602082;0.9988386631011963;0.0064144092136478505;0.0001999867693506309;0;0.005825705381199488;0.9988557934761048;16
18;0.0015200426517209859;0.9993992984294892;0.006653897636366317;0.9988005995750427;0.00648625574046339;0.00019998516706455074;0;0.005825705381199488;0.9988557934761048;16
19;0.0014614099982695659;0.999418169260025;0.006166882227256455;0.9988270759582519;0.00639044368650131;0.00019998347322906164;0;0.005825705381199488;0.9988557934761048;16
0;0.05159152228073137;0.9918624281883239;0.07355607826940866;0.9932216882705689;0.07355607826940866;0.0002;0;0.07355607826940866;0.9932216882705689;0
1;0.009943721417460416;0.9983580589294434;0.010147245903761731;0.9979521274566651;0.054533428559714575;0.00019999995421814734;0;0.010147245903761731;0.9979521274566651;1
2;0.006516792166504304;0.998651260137558;0.007833603818402597;0.998259711265564;0.04052348113732098;0.0001999998168726334;0;0.007833603818402597;0.998259711265564;2
3;0.00528704391177648;0.9987641870975494;0.005438427206141652;0.9986983180046082;0.02999796495796718;0.00019999958796359068;0;0.005438427206141652;0.9986983180046082;3
4;0.004496909278652496;0.9988575041294098;0.008821058007176731;0.9980626344680786;0.02364489287273004;0.00019999926749123968;0;0.008821058007176731;0.9980626344680786;4
5;0.003972153737100778;0.9989228904247284;0.004935004048550894;0.9987945437431336;0.018031926225476294;0.0001999988554558894;0;0.004935004048550894;0.9987945437431336;5
6;0.0035716245535107965;0.9989849150180816;0.004747124338065012;0.9987956643104553;0.014046485659252908;0.0001999983518579369;0;0.004747124338065012;0.9987956643104553;6
7;0.0032887682961200023;0.9990243732929229;0.004699873403774894;0.9988253831863403;0.011242501982609503;0.00019999775669786755;0;0.004699873403774894;0.9988253831863403;7
8;0.003074653673343135;0.9990689843893051;0.004584351322678035;0.9988297820091248;0.009245056784630062;0.00019999706997625503;0;0.004584351322678035;0.9988297820091248;8
9;0.002823664817246198;0.9991073817014694;0.004685797354650824;0.9987976908683777;0.00787727895563629;0.0001999962916937612;0;0.004685797354650824;0.9987976908683777;9
10;0.002569675802209259;0.9991613328456879;0.005171003039954573;0.998781430721283;0.007065396180931775;0.00019999542185113618;0;0.005171003039954573;0.998781430721283;10
11;0.0024769094372295067;0.9991746723651886;0.004632112928376908;0.9988373041152954;0.006335411205165314;0.00019999446044921835;0;0.004632112928376908;0.9988373041152954;11
12;0.0022096770204915192;0.9992391854524613;0.005325823152840347;0.9988222241401672;0.0060325347894678236;0.00019999340748893434;0;0.005325823152840347;0.9988222241401672;12
13;0.002043199673604172;0.9992737144231796;0.005634265695011451;0.9987921953201294;0.005913054061130911;0.00019999226297129905;0;0.005634265695011451;0.9987921953201294;13
14;0.0019229733675799492;0.9993017554283142;0.005973538078187646;0.9987714886665344;0.0059311992662479315;0.00019999102689741559;0;0.005634265695011451;0.9987921953201294;13
15;0.0017435489162938157;0.9993507266044617;0.00646046936704104;0.9987671852111817;0.006089980296485864;0.00019998969926847526;0;0.005634265695011451;0.9987921953201294;13
16;0.0016951961252928392;0.999363774061203;0.005452426991684414;0.9988743782043457;0.005898714305045428;0.00019998828008575777;0;0.005634265695011451;0.9987921953201294;13
17;0.001606129627534584;0.9993878066539764;0.006416311167574027;0.9987410426139831;0.006053993363804008;0.0001999867693506309;0;0.005634265695011451;0.9987921953201294;13
18;0.001501348001682671;0.9994189649820328;0.00585184132446338;0.9988312125205994;0.005993347752001819;0.00019998516706455074;0;0.005634265695011451;0.9987921953201294;13
0;0.1339512950354522;0.9735714614391326;0.029561528602583896;0.9982164144515991;0.029561528602583896;0.0002;0;0.029561528602583896;0.9982164144515991;0
1;0.019506863579623796;0.9982853472232819;0.0145604767344479;0.9982632875442505;0.025061213042143093;0.00019999995421814734;0;0.0145604767344479;0.9982632875442505;1
2;0.011079362035361034;0.9983006298542023;0.010462076975717638;0.9983736634254455;0.020681472222215454;0.0001999998168726334;0;0.010462076975717638;0.9983736634254455;2
3;0.00800333199559844;0.9984577119350433;0.008189720600183036;0.9985182523727417;0.016933946735605727;0.00019999958796359068;0;0.008189720600183036;0.9985182523727417;3
4;0.006480263633193845;0.9985953748226166;0.007037147378294084;0.9984853267669678;0.013964906928412235;0.00019999926749123968;0;0.007037147378294084;0.9984853267669678;4
5;0.005315239249100273;0.9987845569849014;0.0062993671685223854;0.9986729741096496;0.011665245000445279;0.0001999988554558894;0;0.0062993671685223854;0.9986729741096496;5
6;0.004549578366835933;0.998866218328476;0.00589077977780263;0.9986812472343445;0.009932905433652483;0.0001999983518579369;0;0.00589077977780263;0.9986812472343445;6
7;0.003951550554956452;0.9989441961050034;0.0058463257745236695;0.9986965179443359;0.008706931535913839;0.00019999775669786755;0;0.0058463257745236695;0.9986965179443359;7
8;0.004146106262817171;0.9988994926214219;0.005057212103874192;0.9987317442893981;0.007612015706301944;0.00019999706997625503;0;0.005057212103874192;0.9987317442893981;8
9;0.0037325976434522193;0.9989468306303024;0.004973584041160913;0.9987687349319458;0.006820486206759634;0.0001999962916937612;0;0.004973584041160913;0.9987687349319458;9
10;0.003080230560446332;0.999063590168953;0.004984300839521567;0.9987667322158813;0.006269630596588214;0.00019999542185113618;0;0.004984300839521567;0.9987667322158813;10
11;0.0027120839341621857;0.9991271317005157;0.00537450795361023;0.998751163482666;0.006001093803694819;0.00019999446044921835;0;0.00537450795361023;0.998751163482666;11
12;0.002468758564915784;0.9991754233837128;0.006099677464924893;0.9987156748771667;0.0060306689020638415;0.00019999340748893434;0;0.00537450795361023;0.998751163482666;11
13;0.0022479657950316475;0.9992205500602722;0.005603368841777071;0.9987377285957336;0.00590247888397781;0.00019999226297129905;0;0.005603368841777071;0.9987377285957336;13
14;0.0020903319722227996;0.9992583245038986;0.005365519775811155;0.9987805366516114;0.005741391151527814;0.00019999102689741559;0;0.005365519775811155;0.9987805366516114;14
15;0.0019309366990338476;0.9992957025766372;0.0057221228945495755;0.9987609386444092;0.005735610674434342;0.00019998969926847526;0;0.005365519775811155;0.9987805366516114;14
16;0.001844528270473541;0.9993123561143875;0.005898946966912347;0.9987860798835755;0.005784611562177744;0.00019998828008575777;0;0.005365519775811155;0.9987805366516114;14
17;0.001766407875926503;0.9993351578712464;0.006278885218687013;0.9987446188926696;0.005932893659130524;0.0001999867693506309;0;0.005365519775811155;0.9987805366516114;14
18;0.0016611597758601285;0.9993657290935516;0.006243815144185084;0.9987807512283325;0.006026170104646892;0.00019998516706455074;0;0.005365519775811155;0.9987805366516114;14
19;0.001566378571488898;0.9993925243616104;0.005978903319905414;0.9987950086593628;0.006011990069224447;0.00019998347322906164;0;0.005365519775811155;0.9987805366516114;14
Epoch, TrainLoss, TrainAcc, ValLoss, ValAcc, EMAVal, newLR, LRdrop, bestValLoss, AccAtBest, BestEpoch
0;0.009485958553497171;0.9977369517087936;0.0034516397432127915;0.9985167026519776;0.0034516397432127915;0.0002;0;0.0034516397432127915;0.9985167026519776;0
1;0.002470972862435631;0.9987667620182037;0.002807747178040423;0.9986099362373352;0.0032584719736610808;0.00019999995421814734;0;0.002807747178040423;0.9986099362373352;1
2;0.0020698871276522432;0.9988840073347092;0.002881830656531048;0.9986785769462585;0.0031454795785220706;0.0001999998168726334;0;0.002881830656531048;0.9986785769462585;2
3;0.001906627701598169;0.9989247530698776;0.003468469613509407;0.9986781597137451;0.0032423765890182716;0.00019999958796359068;0;0.002881830656531048;0.9986785769462585;2
4;0.0017558773772675686;0.9989749193191528;0.0022706268102779736;0.9987911224365235;0.0029508516553961818;0.00019999926749123968;0;0.0022706268102779736;0.9987911224365235;4
5;0.0016643559841348781;0.9990065842866898;0.0020742839280279216;0.9988993048667908;0.0026878813371857034;0.0001999988554558894;0;0.0020742839280279216;0.9988993048667908;5
6;0.0015699965606569082;0.9990342170000076;0.0022000371519954234;0.9988466262817383;0.002541528081628619;0.0001999983518579369;0;0.0022000371519954234;0.9988466262817383;6
7;0.0014759851914110216;0.9990785241127014;0.002065355295217365;0.9988704800605774;0.002398676245705243;0.00019999775669786755;0;0.002065355295217365;0.9988704800605774;7
8;0.0013773300063838355;0.9991136908531189;0.002095590885025232;0.9988804578781127;0.0023077506375012396;0.00019999706997625503;0;0.002095590885025232;0.9988804578781127;8
9;0.0012798817823460834;0.9991594344377518;0.002233397064948154;0.9988285660743713;0.002285444565735314;0.0001999962916937612;0;0.002233397064948154;0.9988285660743713;9
10;0.0011956586730882234;0.9991984724998474;0.0021894601899189016;0.9988975048065185;0.0022566492529903903;0.00019999542185113618;0;0.0021894601899189016;0.9988975048065185;10
11;0.0011102591992802793;0.9992421865463257;0.0022052767686480965;0.9989252924919129;0.002241237507687702;0.00019999446044921835;0;0.0022052767686480965;0.9989252924919129;11
12;0.0010436057191655804;0.999277600646019;0.002420752903737586;0.9989186882972717;0.002295092126502667;0.00019999340748893434;0;0.0022052767686480965;0.9989252924919129;11
13;0.000961672382205869;0.999319052696228;0.002983332011825963;0.998870849609375;0.0025015640920996556;0.00019999226297129905;0;0.0022052767686480965;0.9989252924919129;11
14;0.0009193334803729726;0.9993439793586731;0.0025884040422316703;0.9988704085350036;0.0025276160771392597;0.00019999102689741559;0;0.0022052767686480965;0.9989252924919129;11
15;0.0008698720138633782;0.9993716329336166;0.0042477960547321805;0.9987638115882873;0.0030436700704171357;0.00019998969926847526;0;0.0022052767686480965;0.9989252924919129;11
16;0.0008327878816535579;0.9993934988975525;0.0031885059971632213;0.9989002108573913;0.003087120848440961;0.00019998828008575777;0;0.0022052767686480965;0.9989252924919129;11
0;0.026468344550063853;0.9936832547187805;0.004761949875937194;0.9983767867088318;0.004761949875937194;0.0002;0;0.004761949875937194;0.9983767867088318;0
1;0.003222027282773373;0.9986611038446427;0.0031081006162912575;0.9986887574195862;0.004265795098043413;0.00019999995421814734;0;0.0031081006162912575;0.9986887574195862;1
2;0.0023333792780217692;0.9988302290439606;0.0033399991453406663;0.9986893534660339;0.003988056312232589;0.0001999998168726334;0;0.0033399991453406663;0.9986893534660339;2
3;0.0020512346495475575;0.9988972902297973;0.0022691491311527838;0.9987771272659302;0.0034723841579086473;0.00019999958796359068;0;0.0022691491311527838;0.9987771272659302;3
4;0.0019066361581140472;0.998927041888237;0.0023368013041668236;0.9987759351730346;0.0031317093017861;0.00019999926749123968;0;0.0023368013041668236;0.9987759351730346;4
5;0.001782080626928559;0.9989735662937165;0.0019945320644201812;0.9988688826560974;0.0027905561305763245;0.0001999988554558894;0;0.0019945320644201812;0.9988688826560974;5
6;0.0016657646967392053;0.9990103989839554;0.00195260604678393;0.9989109039306641;0.0025391711054386064;0.0001999983518579369;0;0.00195260604678393;0.9989109039306641;6
7;0.0016191444809975184;0.9990241914987564;0.0020193407145876604;0.9988677740097046;0.0023832219881833225;0.00019999775669786755;0;0.0020193407145876604;0.9988677740097046;7
8;0.0015001657182468135;0.999072402715683;0.001959693377462754;0.9989231348037719;0.002256163404967152;0.00019999706997625503;0;0.001959693377462754;0.9989231348037719;8
9;0.0014446500985230417;0.9990864872932435;0.0019168243960716257;0.9989458441734314;0.002154361702298494;0.0001999962916937612;0;0.0019168243960716257;0.9989458441734314;9
10;0.0013785211286162931;0.9991190969944;0.00275711007212701;0.9988012552261353;0.002335186213247049;0.00019999542185113618;0;0.0019168243960716257;0.9989458441734314;9
11;0.0013130645762717006;0.9991486698389054;0.002000559184949527;0.9989512443542481;0.0022347981047577924;0.00019999446044921835;0;0.0019168243960716257;0.9989458441734314;9
12;0.0012151714513835017;0.9991911739110947;0.002582161432110022;0.9988510489463807;0.0023390071029634613;0.00019999340748893434;0;0.0019168243960716257;0.9989458441734314;9
13;0.0011562676789327083;0.9992208629846573;0.0022130166950378905;0.9989166259765625;0.00230120998058579;0.00019999226297129905;0;0.0019168243960716257;0.9989458441734314;9
14;0.0011046889862139926;0.9992445439100266;0.002273958165638159;0.9989375710487366;0.0022930344361015006;0.00019999102689741559;0;0.0019168243960716257;0.9989458441734314;9
0;0.018955518655270766;0.9956150233745575;0.010161539144395607;0.9970065116882324;0.010161539144395607;0.0002;0;0.010161539144395607;0.9970065116882324;0
1;0.0034012221101854825;0.9985546708106995;0.003770482113999793;0.998391580581665;0.008244222035276864;0.00019999995421814734;0;0.003770482113999793;0.998391580581665;1
2;0.0024801139400771736;0.9987941682338715;0.002993083414466064;0.9986284971237183;0.006668880449033623;0.0001999998168726334;0;0.002993083414466064;0.9986284971237183;2
3;0.0021433991807393855;0.9988763600587844;0.002651120889156135;0.9987414240837097;0.005463552581070377;0.00019999958796359068;0;0.002651120889156135;0.9987414240837097;3
4;0.0019504554282906892;0.9989307165145874;0.0023496534269902038;0.9988192796707154;0.004529382834846324;0.00019999926749123968;0;0.0023496534269902038;0.9988192796707154;4
5;0.0017910393113792847;0.9989761084318161;0.0025723116782735487;0.9987787246704102;0.0039422614878744915;0.0001999988554558894;0;0.0025723116782735487;0.9987787246704102;5
6;0.001685212102935121;0.9990057110786438;0.002385577520690076;0.9988379597663879;0.0034752562977191665;0.0001999983518579369;0;0.002385577520690076;0.9988379597663879;6
7;0.001570854047025959;0.999049961566925;0.0023379437692758165;0.9988311529159546;0.003134062539186161;0.00019999775669786755;0;0.0023379437692758165;0.9988311529159546;7
8;0.0014673276680036633;0.999086657166481;0.002536728424473512;0.9988125443458558;0.002954862304772366;0.00019999706997625503;0;0.002536728424473512;0.9988125443458558;8
9;0.001387355559706154;0.9991173177957535;0.002780229758340172;0.998789393901825;0.0029024725408427075;0.0001999962916937612;0;0.002780229758340172;0.998789393901825;9
10;0.0012672727583327983;0.9991718053817749;0.0022506239494767153;0.9988780975341797;0.0027069179634329095;0.00019999542185113618;0;0.0022506239494767153;0.9988780975341797;10
11;0.0011484506937298332;0.9992278277873993;0.0028390439267826488;0.9988131046295166;0.002746555752437831;0.00019999446044921835;0;0.0022506239494767153;0.9988780975341797;10
12;0.0010735619518320331;0.9992650628089905;0.0025836619912167963;0.9988435626029968;0.0026976876240715204;0.00019999340748893434;0;0.0022506239494767153;0.9988780975341797;10
13;0.0010066237978768387;0.9992998331785202;0.0026161404000477656;0.9988632082939148;0.0026732234568643937;0.00019999226297129905;0;0.0026161404000477656;0.9988632082939148;13
14;0.0009696782901672865;0.9993186473846436;0.002998184888901543;0.9988170623779297;0.0027707118864755383;0.00019999102689741559;0;0.0026161404000477656;0.9988632082939148;13
15;0.000904919178159658;0.9993558168411255;0.004190557683078731;0.9987564325332642;0.003196665625456496;0.00019998969926847526;0;0.0026161404000477656;0.9988632082939148;13
16;0.0008438354802514878;0.9993900746107102;0.003095790743035015;0.9988561511039734;0.0031664031607300516;0.00019998828008575777;0;0.0026161404000477656;0.9988632082939148;13
17;0.0008142167643357251;0.9994075983762741;0.0034673486984305056;0.9988229513168335;0.0032566868220401876;0.0001999867693506309;0;0.0026161404000477656;0.9988632082939148;13
18;0.0007673445849659506;0.9994385480880738;0.002768661976709214;0.9988844513893127;0.003110279368440895;0.00019998516706455074;0;0.0026161404000477656;0.9988632082939148;13
0;0.05546496945173869;0.9843574434518814;0.009669515054431027;0.9982757687568664;0.009669515054431027;0.0002;0;0.009669515054431027;0.9982757687568664;0
1;0.006368632106662037;0.9983231216669083;0.021643810534209572;0.9963858842849731;0.013261803698364591;0.00019999995421814734;0;0.009669515054431027;0.9982757687568664;0
2;0.003745820565892759;0.9985512405633926;0.012525985279567584;0.9977399826049804;0.013041058172725488;0.0001999998168726334;0;0.009669515054431027;0.9982757687568664;0
3;0.0028578997786842786;0.9987157672643662;0.0030523290847921216;0.998561680316925;0.010044439446345477;0.00019999958796359068;0;0.009669515054431027;0.9982757687568664;0
4;0.0023879180984610173;0.9988309144973755;0.0035798710774094453;0.9985282182693481;0.008105068935664667;0.00019999926749123968;0;0.0035798710774094453;0.9985282182693481;4
5;0.00218805431859726;0.9988651752471924;0.0033595727288759127;0.9985437989234924;0.00668142007362804;0.0001999988554558894;0;0.0033595727288759127;0.9985437989234924;5
6;0.0018916542220536246;0.9989501267671586;0.002964187669562507;0.9986656904220581;0.00556625035240838;0.0001999983518579369;0;0.002964187669562507;0.9986656904220581;6
7;0.0017306263093437271;0.9990012943744659;0.00241155793874888;0.998774254322052;0.00461984262831053;0.00019999775669786755;0;0.00241155793874888;0.998774254322052;7
8;0.0016321693252915846;0.9990249007940293;0.002158324266116398;0.9988349556922913;0.0038813871196522903;0.00019999706997625503;0;0.002158324266116398;0.9988349556922913;8
9;0.0015187440420178354;0.9990710079669952;0.002173755158516745;0.9988596200942993;0.0033690975313116264;0.0001999962916937612;0;0.002173755158516745;0.9988596200942993;9
10;0.0014609959821394482;0.9990912824869156;0.002514234547291901;0.998766052722931;0.0031126386361057085;0.00019999542185113618;0;0.002514234547291901;0.998766052722931;10
11;0.0013415038626828312;0.9991326659917832;0.0023235182752153445;0.9988377928733826;0.002875902527838599;0.00019999446044921835;0;0.0023235182752153445;0.9988377928733826;11
12;0.0012238574444845018;0.999185711145401;0.002441967322599701;0.9988421320915222;0.0027457219662669298;0.00019999340748893434;0;0.002441967322599701;0.9988421320915222;12
13;0.001174770091742287;0.9992082685232162;0.00245259726553226;0.9988576531410217;0.002657784556046529;0.00019999226297129905;0;0.00245259726553226;0.9988576531410217;13
14;0.0010744128990325392;0.9992535531520843;0.0024539529660139612;0.9988635540008545;0.0025966350790367584;0.00019999102689741559;0;0.0024539529660139612;0.9988635540008545;14
15;0.0010180488673969307;0.9992840677499771;0.002579650247905732;0.9988475322723389;0.0025915396296974503;0.00019998969926847526;0;0.0024539529660139612;0.9988635540008545;14
16;0.0009755421670906851;0.9993074327707291;0.0030393913565942435;0.9987886548042297;0.002725895147766488;0.00019998828008575777;0;0.0024539529660139612;0.9988635540008545;14
17;0.0009348336340526097;0.999327564239502;0.002677803053619187;0.9988199591636657;0.002711467519522298;0.0001999867693506309;0;0.0024539529660139612;0.9988635540008545;14
18;0.0008988411446067896;0.9993476003408432;0.0030871101208072445;0.9988471269607544;0.002824160299907782;0.00019998516706455074;0;0.0024539529660139612;0.9988635540008545;14
19;0.0008582087918130952;0.9993716359138489;0.0027838654298293544;0.9988860487937927;0.002812071838884253;0.00019998347322906164;0;0.0024539529660139612;0.9988635540008545;14
0;0.045957462690703846;0.9847314596176148;0.01088350749962178;0.9980665683746338;0.01088350749962178;0.0002;0;0.01088350749962178;0.9980665683746338;0
1;0.007722577711396938;0.9982891499996185;0.009180610309651737;0.9974398136138916;0.010372638342630768;0.00019999995421814734;0;0.009180610309651737;0.9974398136138916;1
2;0.0048847100585942705;0.9983075469732284;0.004443806652658461;0.9983378887176514;0.008593988835639076;0.0001999998168726334;0;0.004443806652658461;0.9983378887176514;2
3;0.00358473389986822;0.9985423505306243;0.003713386321058887;0.9985276222229004;0.007129808081265019;0.00019999958796359068;0;0.003713386321058887;0.9985276222229004;3
4;0.0028765705203663006;0.9987483501434327;0.00324829497152298;0.998616623878479;0.005965354148342407;0.00019999926749123968;0;0.00324829497152298;0.998616623878479;4
5;0.0024643197032972004;0.9988463371992111;0.003058084171927966;0.9986995458602905;0.005093173155418074;0.0001999988554558894;0;0.003058084171927966;0.9986995458602905;5
6;0.0022134337022900095;0.9989004999399185;0.0034388065104135382;0.9985872626304626;0.004596863161916713;0.0001999983518579369;0;0.0034388065104135382;0.9985872626304626;6
7;0.0021102663209232484;0.9989252537488937;0.0027366997918549436;0.9987416505813599;0.004038814150898182;0.00019999775669786755;0;0.0027366997918549436;0.9987416505813599;7
8;0.0018806977034210482;0.9989807099103928;0.002495538218544536;0.9987937808036804;0.0035758313711920877;0.00019999706997625503;0;0.002495538218544536;0.9987937808036804;8
9;0.0017261331212620825;0.9990351378917695;0.002893964157941016;0.9987786889076233;0.0033712712072167662;0.0001999962916937612;0;0.002893964157941016;0.9987786889076233;9
10;0.0016297515772812482;0.9990585148334503;0.0027899762453495436;0.9987800240516662;0.0031968827186565994;0.00019999542185113618;0;0.0027899762453495436;0.9987800240516662;10
11;0.0015193220725096372;0.9990928709506989;0.0027856140037002047;0.9987656831741333;0.003073502104169681;0.00019999446044921835;0;0.0027856140037002047;0.9987656831741333;11
12;0.0014365426355756983;0.9991293638944626;0.003527705326164219;0.9987369060516358;0.0032097630707680425;0.00019999340748893434;0;0.0027856140037002047;0.9987656831741333;11
13;0.0013214675918183326;0.9991723716259002;0.0025069051833471637;0.998810601234436;0.0029989057045417787;0.00019999226297129905;0;0.0025069051833471637;0.998810601234436;13
14;0.0012245078377719864;0.9992129117250442;0.0029203086506906424;0.9987919330596924;0.0029753265883864376;0.00019999102689741559;0;0.0029203086506906424;0.9987919330596924;14
15;0.0011241651294398337;0.9992619037628174;0.0034303653966983594;0.998777973651886;0.0031118382308800143;0.00019998969926847526;0;0.0029203086506906424;0.9987919330596924;14
16;0.0010716019899650818;0.9992830365896225;0.003033038949376342;0.9988158583641052;0.0030881984464289124;0.00019998828008575777;0;0.0029203086506906424;0.9987919330596924;14
17;0.0010164684837257487;0.9993085831403732;0.0029182457092970034;0.9988261222839355;0.0030372126252893395;0.0001999867693506309;0;0.0029203086506906424;0.9987919330596924;14
18;0.0009536519947710617;0.9993420362472534;0.005163480536942096;0.9987943291664123;0.003675092998785166;0.00019998516706455074;0;0.0029203086506906424;0.9987919330596924;14
19;0.0008967275273875803;0.9993710398674012;0.0035115046246616947;0.9987897038459778;0.003626016486548125;0.00019998347322906164;0;0.0029203086506906424;0.9987919330596924;14
0;0.05896747388788226;0.9859875082969666;0.07176634386444397;0.9946814894676208;0.07176634386444397;0.0002;0;0.07176634386444397;0.9946814894676208;0
1;0.011421827677778393;0.9982881128787995;0.009110299190490395;0.9980473637580871;0.05296953046225789;0.00019999995421814734;0;0.009110299190490395;0.9980473637580871;1
2;0.006163298804652298;0.9983612626791001;0.05833063997736543;0.9981728434562683;0.054577863316790154;0.0001999998168726334;0;0.009110299190490395;0.9980473637580871;1
3;0.004313650359960081;0.9985548943281174;0.013925297153859734;0.9977959036827088;0.042382093467911025;0.00019999958796359068;0;0.013925297153859734;0.9977959036827088;3
4;0.003372957017674735;0.9986912131309509;0.008952370894723796;0.998333191871643;0.032353176695954854;0.00019999926749123968;0;0.008952370894723796;0.998333191871643;4
5;0.002834258263026698;0.9987809151411057;0.005416314588507764;0.9985814809799194;0.024272118063720725;0.0001999988554558894;0;0.005416314588507764;0.9985814809799194;5
6;0.0024068271313959074;0.998883119225502;0.00786182720454478;0.9985531330108642;0.01934903080596794;0.0001999983518579369;0;0.00786182720454478;0.9985531330108642;6
7;0.0020874372365270685;0.9989582240581513;0.007220735423175975;0.9985900044441223;0.015710542191130352;0.00019999775669786755;0;0.007220735423175975;0.9985900044441223;7
8;0.0019254573458555278;0.9989881604909897;0.0038593585521146216;0.9987055063247681;0.012155187099425632;0.00019999706997625503;0;0.0038593585521146216;0.9987055063247681;8
9;0.0017730616102555647;0.9990338563919068;0.0029116656162364828;0.998687493801117;0.009382130654468886;0.0001999962916937612;0;0.0029116656162364828;0.998687493801117;9
10;0.0019867810625483024;0.9989357948303222;0.0026523214758846806;0.998771858215332;0.007363187900893625;0.00019999542185113618;0;0.0026523214758846806;0.998771858215332;10
11;0.0015723517678144546;0.9990782856941223;0.003233840981021363;0.9987783074378968;0.006124383824931946;0.00019999446044921835;0;0.003233840981021363;0.9987783074378968;11
12;0.001412574492761378;0.9991365522146225;0.002457443691945177;0.9988186001777649;0.005024301785035915;0.00019999340748893434;0;0.002457443691945177;0.9988186001777649;12
13;0.0012645733736891152;0.9991969406604767;0.0025545184651290668;0.9988088965415954;0.0042833667890638605;0.00019999226297129905;0;0.0025545184651290668;0.9988088965415954;13
14;0.0011690492004822876;0.9992357879877091;0.002810635244360516;0.9987721920013428;0.003841547325652857;0.00019999102689741559;0;0.002810635244360516;0.9987721920013428;14
15;0.0010963410639299824;0.999262660741806;0.002754431065677274;0.9988145947456359;0.003515412447660182;0.00019998969926847526;0;0.002754431065677274;0.9988145947456359;15
16;0.001049661543893927;0.9992859125137329;0.002760159680780457;0.9988260626792907;0.003288836617596264;0.00019998828008575777;0;0.002760159680780457;0.9988260626792907;16
17;0.0010001770024628842;0.999309116601944;0.0032965108344657707;0.998783528804779;0.0032911388826571157;0.0001999867693506309;0;0.002760159680780457;0.9988260626792907;16
18;0.0009633806961787346;0.9993272155523301;0.0031011537857638643;0.9987841725349427;0.00323414335358914;0.00019998516706455074;0;0.0031011537857638643;0.9987841725349427;18
19;0.0011556318040260158;0.9992324084043502;0.0028065120351253806;0.9987972736358642;0.003105853958050012;0.00019998347322906164;0;0.0028065120351253806;0.9987972736358642;19
0;0.2661918494287382;0.9977805346250535;0.21108930283622707;0.9985356569290161;0.21108930283622707;0.0002;0;0.21108930283622707;0.9985356569290161;0
1;0.1863702434769401;0.9987351268529892;0.2144141970291787;0.9987149000167846;0.21208677109411256;0.00019999995421814734;0;0.21108930283622707;0.9985356569290161;0
2;0.17133759951195904;0.9988324612379074;0.18716860353577652;0.9988101243972778;0.20461132082661174;0.0001999998168726334;0;0.18716860353577652;0.9988101243972778;2
3;0.16312946201213943;0.9988810509443283;0.18695922561748463;0.9985140681266784;0.19931569226387358;0.00019999958796359068;0;0.18695922561748463;0.9985140681266784;3
4;0.1554037284941479;0.9989447653293609;0.19731338370410495;0.9988456487655639;0.19871499969594297;0.00019999926749123968;0;0.18695922561748463;0.9985140681266784;3
5;0.15155206493361162;0.9989568263292312;0.175066646000186;0.9988263964653015;0.1916204935872159;0.0001999988554558894;0;0.175066646000186;0.9988263964653015;5
6;0.14722054258121345;0.9989904046058655;0.1780094841464313;0.9987473964691163;0.1875371907549805;0.0001999983518579369;0;0.1780094841464313;0.9987473964691163;6
7;0.14112751894033074;0.9990134924650192;0.18334707262368405;0.9988500237464905;0.18628015531559153;0.00019999775669786755;0;0.18334707262368405;0.9988500237464905;7
8;0.14124222764099867;0.9990269184112549;0.2010415413998742;0.998901081085205;0.1907085711408763;0.00019999706997625503;0;0.18334707262368405;0.9988500237464905;7
9;0.13585371498973692;0.9990498185157776;0.16756177573397665;0.9989188551902771;0.1837645325188064;0.0001999962916937612;0;0.16756177573397665;0.9989188551902771;9
10;0.13349959660203817;0.999062356352806;0.18592969083154712;0.9989006996154786;0.1844140800126286;0.00019999542185113618;0;0.16756177573397665;0.9989188551902771;9
11;0.13284124284249565;0.9990647524595261;0.1864622934609774;0.9989226222038269;0.18502854404713323;0.00019999446044921835;0;0.16756177573397665;0.9989188551902771;9
12;0.1270392326259888;0.9991043120622635;0.16662743346910305;0.9989245772361756;0.17950821087372418;0.00019999340748893434;0;0.16662743346910305;0.9989245772361756;12
13;0.12407607726817808;0.9991199374198914;0.17817983124276088;0.998965573310852;0.17910969698443518;0.00019999226297129905;0;0.16662743346910305;0.9989245772361756;12
14;0.12194141992726619;0.9991332560777664;0.16446563432767297;0.998883593082428;0.1747164781874065;0.00019999102689741559;0;0.16446563432767297;0.998883593082428;14
15;0.11960186214235832;0.999155780673027;0.1756431620925602;0.9988572716712951;0.1749944833589526;0.00019998969926847526;0;0.16446563432767297;0.998883593082428;14
16;0.11576853628968693;0.9991756319999695;0.18499363244225725;0.9988181710243225;0.177994228083944;0.00019998828008575777;0;0.16446563432767297;0.998883593082428;14
17;0.11524238705938543;0.9991778254508972;0.16751012515265884;0.9988881587982178;0.17484899720455843;0.0001999867693506309;0;0.16446563432767297;0.998883593082428;14
18;0.11140018077714653;0.9991974204778671;0.17033196519847502;0.9989434838294983;0.1734938876027334;0.00019998516706455074;0;0.17033196519847502;0.9989434838294983;18
19;0.11136596296788426;0.9992034018039704;0.1672913887271758;0.998913848400116;0.17163313794006613;0.00019998347322906164;0;0.1672913887271758;0.998913848400116;19
0;0.27456902418141527;0.9977385580539704;0.23306256476766393;0.9986777305603027;0.23306256476766393;0.0002;0;0.23306256476766393;0.9986777305603027;0
1;0.18446085370495427;0.9987465918064118;0.19121322870107824;0.9987247228622437;0.22050776394768823;0.00019999995421814734;0;0.19121322870107824;0.9987247228622437;1
2;0.1705554913913257;0.998843964934349;0.19042032452209834;0.9987820982933044;0.21148153212001125;0.0001999998168726334;0;0.19042032452209834;0.9987820982933044;2
3;0.1641938576499372;0.9988898873329163;0.17959519343413904;0.9987347245216369;0.20191563051424957;0.00019999958796359068;0;0.17959519343413904;0.9987347245216369;3
4;0.1571270940586312;0.9989146381616593;0.17563825689579324;0.998836612701416;0.19403241842871266;0.00019999926749123968;0;0.17563825689579324;0.998836612701416;4
5;0.15195239826170032;0.998955500125885;0.19821246494066716;0.9988298535346984;0.19528643238229898;0.0001999988554558894;0;0.17563825689579324;0.998836612701416;4
6;0.1480104632410494;0.9989762514829635;0.17976598467411412;0.998911452293396;0.1906302980698435;0.0001999983518579369;0;0.17976598467411412;0.998911452293396;6
7;0.1463395195358588;0.9989950090646744;0.16926258169597536;0.9989201426506042;0.18421998315768306;0.00019999775669786755;0;0.16926258169597536;0.9989201426506042;7
8;0.14027192995163135;0.9990311652421952;0.18086576447003427;0.9989176154136657;0.18321371755138843;0.00019999706997625503;0;0.18086576447003427;0.9989176154136657;8
9;0.13782039453951953;0.9990415126085281;0.19803315379311778;0.9989337682723999;0.18765954842390725;0.0001999962916937612;0;0.18086576447003427;0.9989176154136657;8
10;0.1354937910952844;0.9990598827600479;0.1687820157074925;0.9989451766014099;0.18199628860898281;0.00019999542185113618;0;0.1687820157074925;0.9989451766014099;10
11;0.1317588013036079;0.9990744799375534;0.16212515430541197;0.9989650011062622;0.17603494831791155;0.00019999446044921835;0;0.16212515430541197;0.9989650011062622;11
12;0.12864737148739205;0.9990976333618165;0.17068926363713555;0.9989443063735962;0.17443124291367876;0.00019999340748893434;0;0.17068926363713555;0.9989443063735962;12
13;0.12691213935860507;0.999109324812889;0.1698362501164478;0.998891007900238;0.17305274507450946;0.00019999226297129905;0;0.1698362501164478;0.998891007900238;13
14;0.12617159787279258;0.9991158038377762;0.18910707362597207;0.9988098263740539;0.17786904363994824;0.00019999102689741559;0;0.1698362501164478;0.998891007900238;13
15;0.12236796242270294;0.9991369426250458;0.16460603718282052;0.9988937497138977;0.17389014170280992;0.00019998969926847526;0;0.1698362501164478;0.998891007900238;13
16;0.12031789337545136;0.9991521060466766;0.17126581833177884;0.9989795088768005;0.17310284469150058;0.00019998828008575777;0;0.1698362501164478;0.998891007900238;13
17;0.11878311042758449;0.9991566359996795;0.16471486496311977;0.9989525675773621;0.17058645077298634;0.0001999867693506309;0;0.16471486496311977;0.9989525675773621;17
18;0.11731082301000129;0.9991660296916962;0.16837355753968158;0.9988142848014832;0.1699225828029949;0.00019998516706455074;0;0.16471486496311977;0.9989525675773621;17
19;0.11626398147988289;0.9991650819778443;0.1772428088372116;0.9989570498466491;0.17211865061325993;0.00019998347322906164;0;0.16471486496311977;0.9989525675773621;17
0;0.3922790590903801;0.9913530886173249;0.288312416397999;0.9983108758926391;0.288312416397999;0.0002;0;0.288312416397999;0.9983108758926391;0
1;0.23872366081529717;0.9987125903367996;0.24629536537743016;0.9984375596046448;0.2757073010918283;0.00019999995421814734;0;0.24629536537743016;0.9984375596046448;1
2;0.2127262839230018;0.9988316744565964;0.27776558074423763;0.9985525965690613;0.2763247849875511;0.0001999998168726334;0;0.24629536537743016;0.9984375596046448;1
3;0.202426298639036;0.9988815516233445;0.2213227325073269;0.9986799955368042;0.25982416924348384;0.00019999958796359068;0;0.2213227325073269;0.9986799955368042;3
4;0.19015312168869775;0.9989340841770172;0.22928338829502262;0.9987972021102905;0.25066193495894545;0.00019999926749123968;0;0.22928338829502262;0.9987972021102905;4
5;0.1825374065038593;0.9989626437425614;0.2259753205804996;0.9987516522407531;0.24325595064541167;0.0001999988554558894;0;0.2259753205804996;0.9987516522407531;5
6;0.1782138050845054;0.9989773690700531;0.20619529411009102;0.9988563537597657;0.23213775368481546;0.0001999983518579369;0;0.20619529411009102;0.9988563537597657;6
7;0.17342079205026942;0.9990062683820724;0.22883122594676425;0.9986735820770264;0.23114579536340008;0.00019999775669786755;0;0.20619529411009102;0.9988563537597657;6
8;0.16861560617948115;0.9990230947732925;0.21274462280888207;0.9988695740699768;0.22562544359704464;0.00019999706997625503;0;0.21274462280888207;0.9988695740699768;8
9;0.16106147092611972;0.9990520566701889;0.202066962571608;0.998877477645874;0.21855789928941363;0.0001999962916937612;0;0.202066962571608;0.998877477645874;9
10;0.1575267095903414;0.9990691423416138;0.20973828107711298;0.9988824963569641;0.21591201382572345;0.00019999542185113618;0;0.20973828107711298;0.9988824963569641;10
11;0.15601417233194903;0.9990702718496323;0.20279475271132769;0.9989406943321228;0.2119768354914047;0.00019999446044921835;0;0.20279475271132769;0.9989406943321228;11
12;0.14997540876031182;0.9991014510393142;0.1977383393529795;0.9988455772399902;0.20770528664987714;0.00019999340748893434;0;0.1977383393529795;0.9988455772399902;12
13;0.14741993481108542;0.9991035282611846;0.19494496148527457;0.9988464474678039;0.20387718910049638;0.00019999226297129905;0;0.19494496148527457;0.9988464474678039;13
14;0.14090712904988703;0.9991411626338959;0.1934356843225129;0.9989438533782959;0.20074473766710133;0.00019999102689741559;0;0.1934356843225129;0.9989438533782959;14
15;0.13889712491851952;0.9991509675979614;0.27226933200715214;0.9986649870872497;0.22220211596911654;0.00019998969926847526;0;0.1934356843225129;0.9989438533782959;14
16;0.13942337641599217;0.9991479516029358;0.1977450087145311;0.9989616274833679;0.21486498379274088;0.00019998828008575777;0;0.1934356843225129;0.9989438533782959;14
17;0.13157744501847185;0.9991813540458679;0.19504803184766023;0.998904287815094;0.20891989820921666;0.0001999867693506309;0;0.1934356843225129;0.9989438533782959;14
18;0.1312179450956069;0.9991889715194702;0.19636905546759803;0.9989486575126648;0.20515464538673106;0.00019998516706455074;0;0.1934356843225129;0.9989438533782959;14
19;0.12930094164649772;0.9991913557052612;0.20837985367738265;0.9989592671394348;0.20612220787392654;0.00019998347322906164;0;0.1934356843225129;0.9989438533782959;14
0;0.42608523927989606;0.9937519252300262;0.3484236092428175;0.9970224380493165;0.3484236092428175;0.0002;0;0.3484236092428175;0.9970224380493165;0
1;0.23953046075996443;0.9987168192863465;0.2561611137017114;0.9987554907798767;0.3207448605804857;0.00019999995421814734;0;0.2561611137017114;0.9987554907798767;1
2;0.2137871636581811;0.9988266885280609;0.23137597834522836;0.9988472819328308;0.2939341959099085;0.0001999998168726334;0;0.23137597834522836;0.9988472819328308;2
3;0.20030215458372808;0.9988779127597809;0.22264332106187693;0.9988925457000732;0.272546933455499;0.00019999958796359068;0;0.22264332106187693;0.9988925457000732;3
4;0.19084216604516133;0.9989145904779434;0.21558245632236667;0.9988333582878113;0.25545759031555926;0.00019999926749123968;0;0.21558245632236667;0.9988333582878113;4
5;0.18286543094368507;0.9989576548337936;0.21397462741314466;0.9989157557487488;0.2430127014448349;0.0001999988554558894;0;0.21397462741314466;0.9989157557487488;5
6;0.17922604134506193;0.998979189991951;0.22450764474664858;0.9988252401351929;0.23746118443537897;0.0001999983518579369;0;0.22450764474664858;0.9988252401351929;6
7;0.17364534986624652;0.9989909529685974;0.2115072717575089;0.9989245057106018;0.22967501063201795;0.00019999775669786755;0;0.2115072717575089;0.9989245057106018;7
8;0.1693749646929828;0.9990141570568085;0.21697988423512188;0.9989318609237671;0.22586647271294913;0.00019999706997625503;0;0.21697988423512188;0.9989318609237671;8
9;0.17171130929312772;0.9989958882331849;0.2035662843314102;0.9989607930183411;0.21917641619848743;0.0001999962916937612;0;0.2035662843314102;0.9989607930183411;9
10;0.16121147212326772;0.9990491479635238;0.2402673517791249;0.9988592386245727;0.22550369687267868;0.00019999542185113618;0;0.2035662843314102;0.9989607930183411;9
11;0.1606226345547822;0.9990559846162796;0.22317263658884476;0.9987811803817749;0.2248043787875285;0.00019999446044921835;0;0.2035662843314102;0.9989607930183411;9
12;0.15725792970068408;0.9990615874528885;0.20212185148952586;0.9989177465438843;0.2179996205981277;0.00019999340748893434;0;0.20212185148952586;0.9989177465438843;12
13;0.1508311111344632;0.9990949213504792;0.21138052697164778;0.9989317417144775;0.2160138925101837;0.00019999226297129905;0;0.21138052697164778;0.9989317417144775;13
14;0.15211946662271142;0.9990844190120697;0.1975561191101128;0.9988832473754883;0.21047656049016245;0.00019999102689741559;0;0.1975561191101128;0.9988832473754883;14
15;0.15698650976938894;0.9990724712610245;0.20093887964247242;0.998925507068634;0.20761525623585542;0.00019998969926847526;0;0.20093887964247242;0.998925507068634;15
16;0.14341260170155182;0.9991223365068436;0.2019294780985502;0.998921811580658;0.20590952279466385;0.00019998828008575777;0;0.2019294780985502;0.998921811580658;16
17;0.14033143115250807;0.9991387993097305;0.19589272978697778;0.9989369630813598;0.20290448489235802;0.0001999867693506309;0;0.19589272978697778;0.9989369630813598;17
18;0.13958122270711135;0.9991384476423264;0.19545993319429295;0.9989366292953491;0.20067111938293847;0.00019998516706455074;0;0.19545993319429295;0.9989366292953491;18
19;0.13507412423379955;0.9991602689027786;0.20006949578940159;0.998895239830017;0.2004906323048774;0.00019998347322906164;0;0.19545993319429295;0.9989366292953491;18
0;0.4448808303014185;0.9929515093564987;0.32448539944326293;0.9985984802246094;0.32448539944326293;0.0002;0;0.32448539944326293;0.9985984802246094;0
1;0.23511690606252844;0.9987425655126572;0.23751686529990282;0.9988369822502137;0.2983948392002549;0.00019999995421814734;0;0.23751686529990282;0.9988369822502137;1
2;0.19898250264051326;0.9988989114761353;0.2266540946117145;0.9988377213478088;0.27687261582369277;0.0001999998168726334;0;0.2266540946117145;0.9988377213478088;2
3;0.18340915662365992;0.9989687293767929;0.22401912105907398;0.9987606525421142;0.2610165673943071;0.00019999958796359068;0;0.22401912105907398;0.9987606525421142;3
4;0.17568193984797426;0.9989983290433884;0.20563615184989353;0.9988913655281066;0.24440244273098305;0.00019999926749123968;0;0.20563615184989353;0.9988913655281066;4
5;0.1662981284766813;0.9990424454212189;0.20193971426001087;0.9988816261291504;0.2316636241896914;0.0001999988554558894;0;0.20193971426001087;0.9988816261291504;5
6;0.15844487116792;0.9990815579891205;0.22598625668479522;0.99885174036026;0.22996041393822253;0.0001999983518579369;0;0.22598625668479522;0.99885174036026;6
7;0.1507907703798356;0.9991172969341278;0.2017932132131249;0.9989299774169922;0.22151025372069322;0.00019999775669786755;0;0.2017932132131249;0.9989299774169922;7
8;0.14459893853974803;0.9991520345211029;0.198354425317166;0.9988786578178406;0.21456350519963502;0.00019999706997625503;0;0.198354425317166;0.9988786578178406;8
9;0.13775495273242838;0.9991852223873139;0.19810758112021387;0.998924458026886;0.20962672797580867;0.0001999962916937612;0;0.19810758112021387;0.998924458026886;9
10;0.13239034994842935;0.9992092043161392;0.20533345928957214;0.9987920045852661;0.2083387473699377;0.00019999542185113618;0;0.20533345928957214;0.9987920045852661;10
11;0.12705515879203194;0.9992365270853043;0.19210471677846847;0.998948872089386;0.20346853819249694;0.00019999446044921835;0;0.19210471677846847;0.998948872089386;11
12;0.12254994242650144;0.9992572128772735;0.18860775580482686;0.9989579916000366;0.19901030347619592;0.00019999340748893434;0;0.18860775580482686;0.9989579916000366;12
13;0.12030398176602528;0.9992704451084137;0.21367809416928277;0.9988094687461853;0.20341064068412196;0.00019999226297129905;0;0.18860775580482686;0.9989579916000366;12
14;0.11120343556579204;0.9993165314197541;0.19870171234859832;0.9989421129226684;0.20199796218346483;0.00019999102689741559;0;0.18860775580482686;0.9989579916000366;12
15;0.1066298645506022;0.9993415415287018;0.20489398721326588;0.9989441275596619;0.20286676969240514;0.00019998969926847526;0;0.18860775580482686;0.9989579916000366;12
16;0.10564963805596536;0.9993493974208831;0.2062376316625226;0.9988275170326233;0.20387802828344037;0.00019998828008575777;0;0.18860775580482686;0.9989579916000366;12
17;0.10495152615723131;0.9993517965078353;0.19948592892963352;0.9989293098449707;0.2025603984772983;0.0001999867693506309;0;0.18860775580482686;0.9989579916000366;12
0;0.5169649247811617;0.9921098500490189;0.4220520419054912;0.9984013080596924;0.4220520419054912;0.0002;0;0.4220520419054912;0.9984013080596924;0
1;0.26549960443064496;0.9986295223236084;0.2539723373677739;0.998799467086792;0.371628130544176;0.00019999995421814734;0;0.2539723373677739;0.998799467086792;1
2;0.20850097551239605;0.9988548994064331;0.23529396904343955;0.9988710641860962;0.33072788209395504;0.0001999998168726334;0;0.23529396904343955;0.9988710641860962;2
3;0.19157383403564082;0.9989306539297104;0.21545486563533206;0.9989072442054748;0.29614597715636815;0.00019999958796359068;0;0.21545486563533206;0.9989072442054748;3
4;0.18121993244393236;0.998971837759018;0.2156744256525299;0.9988799333572388;0.27200451170521667;0.00019999926749123968;0;0.2156744256525299;0.9988799333572388;4
5;0.17272233981262008;0.9990124523639679;0.20647682850878663;0.9989350318908692;0.25234620674628766;0.0001999988554558894;0;0.20647682850878663;0.9989350318908692;5
6;0.163892173261387;0.9990513801574707;0.20575804741019424;0.9988278269767761;0.23836975894545961;0.0001999983518579369;0;0.20575804741019424;0.9988278269767761;6
7;0.15953295321672106;0.9990731209516526;0.21234876172137068;0.9988548398017884;0.23056345977823292;0.00019999775669786755;0;0.21234876172137068;0.9988548398017884;7
8;0.15503624462199467;0.9990922778844833;0.20505048967192496;0.9989062309265136;0.22290956874634055;0.00019999706997625503;0;0.20505048967192496;0.9989062309265136;8
9;0.14846008672755623;0.9991298198699952;0.20235738718790452;0.9988912343978882;0.21674391427880974;0.0001999962916937612;0;0.20235738718790452;0.9988912343978882;9
10;0.14427637239056626;0.9991484224796295;0.19211205771356116;0.9989180326461792;0.20935435730923516;0.00019999542185113618;0;0.19211205771356116;0.9989180326461792;10
11;0.13884214767704708;0.9991760939359665;0.20195160297667422;0.998932135105133;0.20713353100946685;0.00019999446044921835;0;0.20195160297667422;0.998932135105133;11
12;0.13458552397328888;0.9991986781358719;0.1949246951232899;0.9989263892173768;0.20347088024361376;0.00019999340748893434;0;0.1949246951232899;0.9989263892173768;12
13;0.1306270031755358;0.999217176437378;0.19491712392071586;0.9989346385002136;0.20090475334674437;0.00019999226297129905;0;0.19491712392071586;0.9989346385002136;13
14;0.12566719712837457;0.9992449402809143;0.1973234739475827;0.998949921131134;0.19983036952699584;0.00019999102689741559;0;0.1973234739475827;0.998949921131134;14
15;0.12192126617425683;0.9992632329463959;0.18888272169775797;0.9989192724227905;0.19654607517822448;0.00019998969926847526;0;0.18888272169775797;0.9989192724227905;15
16;0.11865749043288118;0.9992811381816864;0.19150209284866243;0.9989553809165954;0.19503288047935585;0.00019998828008575777;0;0.19150209284866243;0.9989553809165954;16
17;0.1175964356587623;0.9992884635925293;0.19122723074826672;0.9989516854286193;0.1938911855600291;0.0001999867693506309;0;0.19122723074826672;0.9989516854286193;17
18;0.11301704003120572;0.9993104338645935;0.19541362604399717;0.9989531874656677;0.19434791770521953;0.00019998516706455074;0;0.19122723074826672;0.9989516854286193;17
19;0.11841662226332231;0.9992840409278869;0.1896919961937677;0.9989046454429626;0.19295114125178398;0.00019998347322906164;0;0.19122723074826672;0.9989516854286193;17
0;0.2026047838730789;0.9936026006937027;0.15149539717004037;0.9983844757080078;0.15149539717004037;0.0002;0;0.15149539717004037;0.9983844757080078;0
1;0.12858115654065436;0.9986957371234894;0.14364753669327862;0.9984514951705933;0.14914103902701184;0.00019999995421814734;0;0.14364753669327862;0.9984514951705933;1
2;0.11521840894929045;0.9988314926624298;0.1289707629893878;0.9987899184226989;0.14308995621572462;0.0001999998168726334;0;0.1289707629893878;0.9987899184226989;2
3;0.10869606503885594;0.9989159047603607;0.135506838161299;0.9988338112831116;0.14081502079939692;0.00019999958796359068;0;0.135506838161299;0.9988338112831116;3
4;0.10480740476187118;0.9989465296268463;0.12279766271489068;0.9989425301551819;0.13540981337404503;0.00019999926749123968;0;0.12279766271489068;0.9989425301551819;4
5;0.10193527752329463;0.9989738672971725;0.11840757792439047;0.9988339662551879;0.13030914273914865;0.0001999988554558894;0;0.11840757792439047;0.9988339662551879;5
6;0.09944446430293472;0.9989741057157516;0.1588583356722128;0.9987084746360779;0.13887390061906787;0.0001999983518579369;0;0.11840757792439047;0.9988339662551879;5
7;0.09551333581604468;0.9990259230136871;0.12049546873467443;0.9987745523452759;0.13336037105374984;0.00019999775669786755;0;0.11840757792439047;0.9988339662551879;5
8;0.09474616147505302;0.9990302950143815;0.11801198460298364;0.9987648129463196;0.12875585511851997;0.00019999706997625503;0;0.11801198460298364;0.9987648129463196;8
9;0.09016734126499822;0.9990654975175858;0.12291369461607124;0.9988799214363098;0.12700320696778533;0.0001999962916937612;0;0.12291369461607124;0.9988799214363098;9
10;0.08854502537987072;0.9990860402584076;0.11995547189740075;0.9988767147064209;0.12488888644666996;0.00019999542185113618;0;0.11995547189740075;0.9988767147064209;10
11;0.08707060661207149;0.9991035968065262;0.11261602154945234;0.9988061785697937;0.12120702697750466;0.00019999446044921835;0;0.11261602154945234;0.9988061785697937;11
12;0.08515549867644097;0.9991187334060669;0.11402955745249144;0.9989135146141053;0.1190537861200007;0.00019999340748893434;0;0.11402955745249144;0.9989135146141053;12
13;0.08366467957870563;0.999127545952797;0.11288133421498632;0.9988999128341675;0.11720205054849639;0.00019999226297129905;0;0.11288133421498632;0.9988999128341675;13
14;0.08261234512622576;0.9991356641054153;0.12680703297294302;0.9988759279251098;0.12008354527583037;0.00019999102689741559;0;0.11288133421498632;0.9988999128341675;13
15;0.07859136522874263;0.9991704970598221;0.117606881323788;0.9988369822502137;0.11934054609021766;0.00019998969926847526;0;0.11288133421498632;0.9988999128341675;13
16;0.07679763188079661;0.9991890877485275;0.1094559586687894;0.9989462256431579;0.11637516986378918;0.00019998828008575777;0;0.1094559586687894;0.9989462256431579;16
17;0.07650704101393077;0.9991910070180893;0.11189666312105369;0.9987661242485046;0.11503161784096852;0.0001999867693506309;0;0.11189666312105369;0.9987661242485046;17
18;0.07704449176977138;0.9991809159517289;0.12703257932042128;0.9988732457160949;0.11863190628480433;0.00019998516706455074;0;0.11189666312105369;0.9987661242485046;17
19;0.07348166782018056;0.9992137134075165;0.1108251618311262;0.9989354372024536;0.11628988294870088;0.00019998347322906164;0;0.11189666312105369;0.9987661242485046;17
0;0.21637500698727466;0.994388422369957;0.15117939445471187;0.9985945820808411;0.15117939445471187;0.0002;0;0.15117939445471187;0.9985945820808411;0
1;0.12812448618513755;0.9987127751111984;0.13544943864151077;0.9987507343292237;0.14646040771075153;0.00019999995421814734;0;0.13544943864151077;0.9987507343292237;1
2;0.11736951321940799;0.9988193511962891;0.13925815308717207;0.9988390564918518;0.14429973132367768;0.0001999998168726334;0;0.13925815308717207;0.9988390564918518;2
3;0.10945451759481842;0.9989002346992493;0.12926337934975904;0.998643982410431;0.1397888257315021;0.00019999958796359068;0;0.12926337934975904;0.998643982410431;3
4;0.10582863811220988;0.9989390075206757;0.12204788375045801;0.9989084959030151;0.13446654313718887;0.00019999926749123968;0;0.12204788375045801;0.9989084959030151;4
5;0.10335518238469035;0.9989576697349548;0.11665033246541348;0.9988990068435669;0.12912167993565626;0.0001999988554558894;0;0.11665033246541348;0.9988990068435669;5
6;0.09921504172385234;0.9989963650703431;0.11582078141556626;0.9989552855491638;0.12513141037962924;0.0001999983518579369;0;0.11582078141556626;0.9989552855491638;6
7;0.09616252675516597;0.9990217864513398;0.11385936853082661;0.9988969326019287;0.12174979782498845;0.00019999775669786755;0;0.11385936853082661;0.9988969326019287;7
8;0.0945365082652744;0.9990294814109802;0.11895053251110807;0.998879587650299;0.12091001823082433;0.00019999706997625503;0;0.11895053251110807;0.998879587650299;8
9;0.09173394426769126;0.999055141210556;0.13029238940337187;0.9989324688911438;0.12372472958258858;0.0001999962916937612;0;0.11895053251110807;0.998879587650299;8
10;0.0904901466135198;0.999069020152092;0.12376467872994382;0.9988117814064026;0.12373671432679514;0.00019999542185113618;0;0.11895053251110807;0.998879587650299;8
11;0.08817669697988487;0.999090313911438;0.11536314009700525;0.9989542126655578;0.12122464205785817;0.00019999446044921835;0;0.11895053251110807;0.998879587650299;8
12;0.08690752406108333;0.9990963250398636;0.11629542467640086;0.9989866495132447;0.11974587684342097;0.00019999340748893434;0;0.11629542467640086;0.9989866495132447;12
13;0.08519676246255442;0.9991212099790573;0.11123676164412828;0.9989847779273987;0.11719314228363314;0.00019999226297129905;0;0.11123676164412828;0.9989847779273987;13
14;0.08329927363129386;0.9991280734539032;0.11464447575427746;0.999005126953125;0.11642854232482643;0.00019999102689741559;0;0.11464447575427746;0.999005126953125;14
15;0.0815780169979563;0.9991453915834427;0.12669142267011907;0.9989551901817322;0.11950740642841422;0.00019998969926847526;0;0.11464447575427746;0.999005126953125;14
16;0.08109795057872118;0.9991483837366104;0.11266510279062562;0.9989337086677551;0.11745471533707763;0.00019998828008575777;0;0.11464447575427746;0.999005126953125;14
17;0.07791440681661808;0.9991754740476608;0.12293995023423325;0.9989643216133117;0.11910028580622431;0.0001999867693506309;0;0.11464447575427746;0.999005126953125;14
18;0.07545486435259709;0.9991937547922134;0.11599094521300413;0.9989155173301697;0.11816748362825824;0.00019998516706455074;0;0.11464447575427746;0.999005126953125;14
19;0.076761241169016;0.9991824239492416;0.10783897096774005;0.9989887475967407;0.11506892983010278;0.00019998347322906164;0;0.10783897096774005;0.9989887475967407;19
0;0.2363186369310295;0.997494813799858;0.18195504817336933;0.998618996143341;0.18195504817336933;0.0002;0;0.18195504817336933;0.998618996143341;0
1;0.15600448377542872;0.9987423181533813;0.16575006433007705;0.9986230969429016;0.17709355302038166;0.00019999995421814734;0;0.16575006433007705;0.9986230969429016;1
2;0.14037997429214139;0.9988504946231842;0.14729886903491132;0.9987758755683899;0.16815514782474056;0.0001999998168726334;0;0.14729886903491132;0.9987758755683899;2
3;0.13449299913925472;0.9988869428634644;0.1663710964800255;0.9988375425338745;0.16761993242132603;0.00019999958796359068;0;0.14729886903491132;0.9987758755683899;2
4;0.1257191776619483;0.9989472329616547;0.14790614471878583;0.9988382697105408;0.16170579611056396;0.00019999926749123968;0;0.14790614471878583;0.9988382697105408;4
5;0.12216529481230629;0.9989696919918061;0.1467055895897112;0.9988893747329712;0.1572057341543081;0.0001999988554558894;0;0.1467055895897112;0.9988893747329712;5
6;0.11904227246358763;0.9989877671003342;0.14163491111124715;0.9988679885864258;0.15253448724138982;0.0001999983518579369;0;0.14163491111124715;0.9988679885864258;6
7;0.11315900924126336;0.9990269750356674;0.13803615080667908;0.9988801836967468;0.1481849863109766;0.00019999775669786755;0;0.13803615080667908;0.9988801836967468;7
8;0.11245312993654821;0.9990366786718369;0.1377379240559607;0.9989229440689087;0.14505086763447184;0.00019999706997625503;0;0.1377379240559607;0.9989229440689087;8
9;0.11106183749642748;0.9990364283323288;0.14028900747933662;0.9989234685897828;0.14362230958793126;0.0001999962916937612;0;0.14028900747933662;0.9989234685897828;9
10;0.10577169534518896;0.9990728408098221;0.13945616246174303;0.9988962769508362;0.1423724654500748;0.00019999542185113618;0;0.13945616246174303;0.9988962769508362;10
11;0.1051809397654899;0.9990707725286484;0.14949989343629583;0.9988402962684632;0.1445106938459411;0.00019999446044921835;0;0.13945616246174303;0.9988962769508362;10
12;0.10207843973874213;0.9990940690040588;0.13507585131391422;0.99892817735672;0.141680241086333;0.00019999340748893434;0;0.13945616246174303;0.9988962769508362;10
13;0.09838349225830353;0.9991214334964752;0.13146237485056772;0.9989696741104126;0.13861488121560342;0.00019999226297129905;0;0.13146237485056772;0.9989696741104126;13
14;0.09731806887240696;0.9991300880908967;0.13768756086199632;0.9988741040229797;0.13833668510952127;0.00019999102689741559;0;0.13146237485056772;0.9989696741104126;13
15;0.09501859818383772;0.9991432815790177;0.13392358095203685;0.9989532589912414;0.13701275386227593;0.00019998969926847526;0;0.13392358095203685;0.9989532589912414;15
16;0.09299209907299208;0.9991556316614151;0.14520418080642114;0.99891676902771;0.1394701819455195;0.00019998828008575777;0;0.13392358095203685;0.9989532589912414;15
17;0.09364266208848207;0.9991460144519806;0.1380369595063587;0.9987928152084351;0.13904021521377125;0.0001999867693506309;0;0.13392358095203685;0.9989532589912414;15
18;0.0892086086225117;0.9991775214672088;0.13061009490943157;0.998970377445221;0.13651117912246935;0.00019998516706455074;0;0.13392358095203685;0.9989532589912414;15
19;0.08560555507481607;0.9992057800292968;0.12926973490450855;0.9989661812782288;0.1343387458570811;0.00019998347322906164;0;0.12926973490450855;0.9989661812782288;19
0;0.29210145611120797;0.9949549704790115;0.19364066107357708;0.9986667037010193;0.19364066107357708;0.0002;0;0.19364066107357708;0.9986667037010193;0
1;0.16248826936125305;0.9987036496400833;0.17286820725795485;0.9987918853759765;0.1874089249288904;0.00019999995421814734;0;0.17286820725795485;0.9987918853759765;1
2;0.14090861717882272;0.9988454133272171;0.1594835630305405;0.9988017916679383;0.17903131635938543;0.0001999998168726334;0;0.1594835630305405;0.9988017916679383;2
3;0.13533249963212177;0.9988797068595886;0.15429572857912052;0.998781430721283;0.17161064002530593;0.00019999958796359068;0;0.15429572857912052;0.998781430721283;3
4;0.12797751125991147;0.9989231765270233;0.13823021190926293;0.9988834381103515;0.16159651159049304;0.00019999926749123968;0;0.13823021190926293;0.9988834381103515;4
5;0.1246764411573638;0.9989400386810303;0.13878542531191632;0.9988990068435669;0.15475318570692;0.0001999988554558894;0;0.13878542531191632;0.9988990068435669;5
6;0.12014777906656626;0.9989843934774398;0.14168034957888515;0.9988958358764648;0.15083133486850953;0.0001999983518579369;0;0.14168034957888515;0.9988958358764648;6
7;0.1167280721430994;0.9989977777004242;0.1371595206583282;0.9989221096038818;0.1467297906054551;0.00019999775669786755;0;0.1371595206583282;0.9989221096038818;7
8;0.11363152723998153;0.9990161120891571;0.14057833344726725;0.9989313960075379;0.14488435345799874;0.00019999706997625503;0;0.14057833344726725;0.9989313960075379;8
9;0.11014475781337782;0.9990368485450745;0.13737964105712616;0.9988934516906738;0.14263293973773694;0.0001999962916937612;0;0.13737964105712616;0.9988934516906738;9
10;0.10789696186664935;0.9990571409463882;0.12976719584059998;0.9989438891410828;0.13877321656859584;0.00019999542185113618;0;0.12976719584059998;0.9989438891410828;10
11;0.10715668697891348;0.9990626633167267;0.1411635997079565;0.9988760828971863;0.13949033151040402;0.00019999446044921835;0;0.12976719584059998;0.9989438891410828;10
12;0.10481942173868204;0.999072116613388;0.13053576205344608;0.9988757371902466;0.13680396067331663;0.00019999340748893434;0;0.13053576205344608;0.9988757371902466;12
13;0.10268997965159377;0.9990869730710983;0.1312243794010452;0.9989134550094605;0.1351300862916352;0.00019999226297129905;0;0.1312243794010452;0.9989134550094605;13
14;0.09908746988918875;0.9991067260503769;0.13259598408979484;0.9989696264266967;0.13436985563108308;0.00019999102689741559;0;0.13259598408979484;0.9989696264266967;14
15;0.09986521485287866;0.9991063088178634;0.12844104134821815;0.9989566445350647;0.1325912113462236;0.00019998969926847526;0;0.12844104134821815;0.9989566445350647;15
16;0.09957621845727462;0.9991096466779709;0.1339366587432485;0.9989125728607178;0.13299484556533106;0.00019998828008575777;0;0.12844104134821815;0.9989566445350647;15
17;0.09788335797362066;0.9991223692893982;0.13195226818355224;0.9989612936973572;0.1326820723507974;0.0001999867693506309;0;0.12844104134821815;0.9989566445350647;15
18;0.09443407990621068;0.9991425991058349;0.15619786548864453;0.9988967299461364;0.13973681029215154;0.00019998516706455074;0;0.12844104134821815;0.9989566445350647;15
19;0.09221745811928797;0.9991576224565506;0.13017756541536823;0.9989503502845765;0.13686903682911655;0.00019998347322906164;0;0.12844104134821815;0.9989566445350647;15
0;0.33058814571323797;0.991076534986496;0.23328895051335546;0.9985364317893982;0.23328895051335546;0.0002;0;0.23328895051335546;0.9985364317893982;0
1;0.1679378063683608;0.9986881583929061;0.16916611156485967;0.9987763285636901;0.21405209882880671;0.00019999995421814734;0;0.16916611156485967;0.9987763285636901;1
2;0.13715526460108546;0.9988830208778381;0.17645926666484257;0.9987755656242371;0.20277424917961745;0.0001999998168726334;0;0.17645926666484257;0.9987755656242371;2
3;0.12410172286385864;0.9989638030529022;0.1504939587899547;0.9988104581832886;0.1870901620627186;0.00019999958796359068;0;0.1504939587899547;0.9988104581832886;3
4;0.1176177042685578;0.9990008443593978;0.1455779561293594;0.9989091277122497;0.17463650028271083;0.00019999926749123968;0;0.1455779561293594;0.9989091277122497;4
5;0.11213156817366703;0.9990425497293473;0.14324742589601558;0.9988249182701111;0.16521977796670223;0.0001999988554558894;0;0.14324742589601558;0.9988249182701111;5
6;0.10703060945888994;0.9990759909152984;0.13688275227645003;0.9989410996437073;0.15671867025962655;0.0001999983518579369;0;0.13688275227645003;0.9989410996437073;6
7;0.10273000104408754;0.9991074085235596;0.13544126833781572;0.9988142728805542;0.1503354496830833;0.00019999775669786755;0;0.13544126833781572;0.9988142728805542;7
8;0.09796341242137804;0.9991429209709167;0.13857931579054425;0.9989484906196594;0.14680860951532157;0.00019999706997625503;0;0.13857931579054425;0.9989484906196594;8
9;0.09360344498302944;0.999173817038536;0.1354063669531125;0.9989000201225281;0.14338793674665884;0.0001999962916937612;0;0.1354063669531125;0.9989000201225281;9
10;0.088952665749674;0.9992128551006317;0.13604121307191844;0.998954463005066;0.1411839196442367;0.00019999542185113618;0;0.13604121307191844;0.998954463005066;10
11;0.08662448453374033;0.9992287486791611;0.13637672140960905;0.9989286303520203;0.1397417601738484;0.00019999446044921835;0;0.13637672140960905;0.9989286303520203;11
12;0.08213970560795987;0.999266654253006;0.1420524942918221;0.9989091753959656;0.1404349804092405;0.00019999340748893434;0;0.13637672140960905;0.9989286303520203;11
13;0.07910698814661561;0.9992847144603729;0.13280746470623206;0.9989485025405884;0.13814672569833794;0.00019999226297129905;0;0.13280746470623206;0.9989485025405884;13
14;0.07901464186090779;0.9992880672216415;0.13112444878693266;0.9989453315734863;0.13604004262491634;0.00019999102689741559;0;0.13112444878693266;0.9989453315734863;14
15;0.07441854878140004;0.9993244022130966;0.13039844853847338;0.9989131689071655;0.13434756439898343;0.00019998969926847526;0;0.13039844853847338;0.9989131689071655;15
16;0.07299760276481988;0.9993331581354141;0.1409698992821934;0.9989371180534363;0.1363342648639464;0.00019998828008575777;0;0.13039844853847338;0.9989131689071655;15
17;0.06834876095795107;0.9993695855140686;0.13393589001623635;0.9989356756210327;0.1356147524096334;0.0001999867693506309;0;0.13039844853847338;0.9989131689071655;15
18;0.06929270951991154;0.9993654429912567;0.1328814798805952;0.9989183664321899;0.13479477065092194;0.00019998516706455074;0;0.13039844853847338;0.9989131689071655;15
19;0.06863372119552831;0.9993717968463898;0.12873446087240864;0.9989391803741455;0.13297667771736793;0.00019998347322906164;0;0.12873446087240864;0.9989391803741455;19
0;0.3653054394420775;0.9902788132429123;0.3752624906709982;0.9957449555397033;0.3752624906709982;0.0002;0;0.3752624906709982;0.9957449555397033;0
1;0.2365285661224857;0.9979620307683945;0.19328538891958164;0.9984409809112549;0.32066936014557323;0.00019999995421814734;0;0.19328538891958164;0.9984409809112549;1
2;0.15036262699403774;0.9987996280193329;0.15558321204541656;0.998798382282257;0.2711435157155262;0.0001999998168726334;0;0.15558321204541656;0.998798382282257;2
3;0.13305295578053014;0.9989035725593567;0.15631840296125396;0.9988659739494323;0.2366959818892445;0.00019999958796359068;0;0.15631840296125396;0.9988659739494323;3
4;0.12234778742314009;0.9989703148603439;0.13784100624980367;0.9989019155502319;0.20703948919741225;0.00019999926749123968;0;0.13784100624980367;0.9989019155502319;4
5;0.11677537340547077;0.9990056753158569;0.13965712301096606;0.9989162445068359;0.18682477934147837;0.0001999988554558894;0;0.13965712301096606;0.9989162445068359;5
6;0.110872903401562;0.9990468621253967;0.14314648191376206;0.9988969683647155;0.17372129011316348;0.0001999983518579369;0;0.14314648191376206;0.9988969683647155;6
7;0.10835644044927624;0.9990629255771637;0.13657469560062035;0.9988887667655945;0.16257731175940054;0.00019999775669786755;0;0.13657469560062035;0.9988887667655945;7
8;0.10402782174702696;0.99909408390522;0.13395092140685233;0.9989118218421936;0.15398939465363606;0.00019999706997625503;0;0.13395092140685233;0.9989118218421936;8
9;0.10097200312301405;0.9991198271512985;0.13169073047041205;0.998932933807373;0.14729979539866886;0.0001999962916937612;0;0.13169073047041205;0.998932933807373;9
10;0.09740249921608148;0.9991431474685669;0.13111858986863922;0.9989531755447387;0.14244543373965995;0.00019999542185113618;0;0.13111858986863922;0.9989531755447387;10
11;0.09488450795305949;0.9991622596979142;0.13587136207595785;0.9989556550979615;0.14047321224054932;0.00019999446044921835;0;0.13587136207595785;0.9989556550979615;11
12;0.0915112808665307;0.9991881102323532;0.13062680526999954;0.9989345788955688;0.13751929014938438;0.00019999340748893434;0;0.13062680526999954;0.9989345788955688;12
13;0.08878202370600682;0.9992112696170807;0.1453443225994344;0.9988373994827271;0.13986679988439937;0.00019999226297129905;0;0.13062680526999954;0.9989345788955688;12
14;0.0845398125168125;0.9992441803216934;0.13254924740321944;0.9989127397537232;0.1376715341400454;0.00019999102689741559;0;0.13062680526999954;0.9989345788955688;12
15;0.08225606368542941;0.9992577880620956;0.13385469335126302;0.998917531967163;0.13652648190341068;0.00019998969926847526;0;0.13385469335126302;0.998917531967163;15
16;0.07965028097887834;0.9992774605751038;0.12900064585415902;0.9988959908485413;0.13426873108863518;0.00019998828008575777;0;0.12900064585415902;0.9988959908485413;16
17;0.0787963570424018;0.9992864191532135;0.1344647514927227;0.9989619851112366;0.13432753720986143;0.0001999867693506309;0;0.12900064585415902;0.9988959908485413;16
18;0.07690655687018835;0.9992998659610748;0.13185214459590872;0.9988881468772888;0.1335849194256756;0.00019998516706455074;0;0.13185214459590872;0.9988881468772888;18
19;0.07303252286301806;0.9993306636810303;0.1275818262478322;0.9989522337913513;0.1317839914723226;0.00019998347322906164;0;0.1275818262478322;0.9989522337913513;19
